object_name,video_name,x1,y1,x2,y2,rgb_color,proximity,sec
tree,VIRAT_S_050201_11_002090_002220,86,890,190,190,gray,near,123
tree,VIRAT_S_050201_11_002090_002220,290,720,44,360,silver,near,123
tree,VIRAT_S_050201_11_002090_002220,1484,648,144,178,gray,middle,123
tree,VIRAT_S_050201_11_002090_002220,1404,456,68,46,gray,middle,123
tree,VIRAT_S_050201_11_002090_002220,1692,384,32,58,black,middle,123
tree,VIRAT_S_050201_11_002090_002220,229,368,91,64,gray,middle,123
tree,VIRAT_S_050201_11_002090_002220,1600,152,40,40,black,far,123
tree,VIRAT_S_050201_11_002090_002220,1566,86,82,72,black,far,123
tree,VIRAT_S_050201_11_002090_002220,1440,16,116,56,black,far,123
tree,VIRAT_S_050201_11_002090_002220,1392,0,428,380,black,far,123
tree,VIRAT_S_050201_11_002090_002220,1148,0,120,122,black,far,123
car,VIRAT_S_050201_11_002090_002220,585,663,843,818,gray,middle,123
car,VIRAT_S_050201_11_002090_002220,807,610,1089,729,gray,middle,123
car,VIRAT_S_050201_11_002090_002220,555,556,801,690,gray,middle,123
car,VIRAT_S_050201_11_002090_002220,801,541,1026,627,gray,middle,123
car,VIRAT_S_050201_11_002090_002220,807,472,1026,565,gray,middle,123
car,VIRAT_S_050201_11_002090_002220,900,865,1194,1014,black,near,123
car,VIRAT_S_050201_11_002090_002220,708,303,906,378,gray,far,123
car,VIRAT_S_050201_11_002090_002220,714,361,921,445,brown,middle,123
car,VIRAT_S_050201_11_002090_002220,876,761,1143,879,silver,near,123
car,VIRAT_S_050201_11_002090_002220,1347,572,1482,695,navy,middle,123
car,VIRAT_S_050201_11_002090_002220,507,276,687,379,gray,far,123
car,VIRAT_S_050201_11_002090_002220,420,172,558,254,silver,far,123
car,VIRAT_S_050201_11_002090_002220,378,656,507,870,gray,middle,123
car,VIRAT_S_050201_11_002090_002220,1350,298,1506,378,black,far,123
car,VIRAT_S_050201_11_002090_002220,1563,833,1620,919,gray,near,123
car,VIRAT_S_050201_11_002090_002220,510,222,672,312,gray,far,123
car,VIRAT_S_050201_11_002090_002220,1050,168,1200,232,black,far,123
car,VIRAT_S_050201_11_002090_002220,675,1036,873,1078,silver,near,123
car,VIRAT_S_050201_11_002090_002220,651,148,816,214,brown,far,123
car,VIRAT_S_050201_11_002090_002220,495,158,648,229,gray,far,123
car,VIRAT_S_050201_11_002090_002220,792,0,915,52,gray,far,123
truck,VIRAT_S_050201_11_002090_002220,675,210,888,302,silver,far,123
bus,VIRAT_S_050201_11_002090_002220,1470,528,1683,823,gray,middle,123
car,VIRAT_S_050201_11_002090_002220,834,23,951,65,gray,far,123
car,VIRAT_S_050201_11_002090_002220,486,124,642,185,gray,far,123
car,VIRAT_S_050201_11_002090_002220,387,74,456,151,gray,far,123
car,VIRAT_S_050201_11_002090_002220,858,47,1023,126,gray,far,123
car,VIRAT_S_050201_11_002090_002220,222,79,339,133,gray,far,123
car,VIRAT_S_050201_11_002090_002220,171,0,312,33,black,far,123
car,VIRAT_S_050201_11_002090_002220,1521,396,1668,484,black,middle,123
truck,VIRAT_S_050201_11_002090_002220,210,231,327,361,gray,far,123
truck,VIRAT_S_050201_11_002090_002220,204,187,339,362,gray,far,123
truck,VIRAT_S_050201_11_002090_002220,858,45,1026,126,gray,far,123
car,VIRAT_S_050201_11_002090_002220,315,6,372,69,gray,far,123
tree,VIRAT_S_050201_11_002090_002220,94,888,226,192,gray,near,133
tree,VIRAT_S_050201_11_002090_002220,256,704,82,376,silver,middle,133
tree,VIRAT_S_050201_11_002090_002220,1488,652,144,172,gray,middle,133
tree,VIRAT_S_050201_11_002090_002220,1408,456,72,48,gray,middle,133
tree,VIRAT_S_050201_11_002090_002220,1288,456,120,120,gray,middle,133
tree,VIRAT_S_050201_11_002090_002220,1696,399,28,57,black,middle,133
tree,VIRAT_S_050201_11_002090_002220,232,365,88,65,gray,middle,133
tree,VIRAT_S_050201_11_002090_002220,1066,244,142,36,gray,far,133
tree,VIRAT_S_050201_11_002090_002220,1234,216,38,24,black,far,133
tree,VIRAT_S_050201_11_002090_002220,1144,0,678,376,black,far,133
tree,VIRAT_S_050201_11_002090_002220,1056,0,99,58,black,far,133
car,VIRAT_S_050201_11_002090_002220,813,610,1095,729,gray,middle,133
car,VIRAT_S_050201_11_002090_002220,591,663,849,816,gray,middle,133
car,VIRAT_S_050201_11_002090_002220,561,555,801,690,brown,middle,133
car,VIRAT_S_050201_11_002090_002220,804,541,1032,629,gray,middle,133
car,VIRAT_S_050201_11_002090_002220,903,865,1197,1014,black,near,133
car,VIRAT_S_050201_11_002090_002220,381,784,507,1002,gray,near,133
car,VIRAT_S_050201_11_002090_002220,813,472,1029,567,gray,middle,133
car,VIRAT_S_050201_11_002090_002220,717,303,909,379,brown,far,133
car,VIRAT_S_050201_11_002090_002220,717,361,924,445,brown,middle,133
car,VIRAT_S_050201_11_002090_002220,876,761,1146,880,silver,near,133
car,VIRAT_S_050201_11_002090_002220,1353,573,1485,695,navy,middle,133
car,VIRAT_S_050201_11_002090_002220,375,30,513,91,gray,far,133
car,VIRAT_S_050201_11_002090_002220,510,226,678,313,gray,far,133
car,VIRAT_S_050201_11_002090_002220,678,1034,876,1078,silver,near,133
car,VIRAT_S_050201_11_002090_002220,1566,833,1626,921,gray,near,133
car,VIRAT_S_050201_11_002090_002220,513,276,693,379,gray,far,133
car,VIRAT_S_050201_11_002090_002220,1359,298,1512,378,black,far,133
car,VIRAT_S_050201_11_002090_002220,495,194,663,258,silver,far,133
car,VIRAT_S_050201_11_002090_002220,657,148,819,214,brown,far,133
car,VIRAT_S_050201_11_002090_002220,1053,170,1200,232,black,far,133
car,VIRAT_S_050201_11_002090_002220,801,0,921,50,gray,far,133
bus,VIRAT_S_050201_11_002090_002220,1476,528,1683,821,gray,middle,133
car,VIRAT_S_050201_11_002090_002220,489,124,648,185,gray,far,133
car,VIRAT_S_050201_11_002090_002220,1527,394,1674,484,black,middle,133
car,VIRAT_S_050201_11_002090_002220,228,81,342,135,black,far,133
car,VIRAT_S_050201_11_002090_002220,492,158,657,214,gray,far,133
truck,VIRAT_S_050201_11_002090_002220,219,232,330,361,gray,far,133
car,VIRAT_S_050201_11_002090_002220,837,23,960,62,gray,far,133
truck,VIRAT_S_050201_11_002090_002220,678,212,891,302,silver,far,133
car,VIRAT_S_050201_11_002090_002220,864,45,1029,124,gray,far,133
car,VIRAT_S_050201_11_002090_002220,177,0,315,33,black,far,133
car,VIRAT_S_050201_11_002090_002220,678,212,891,303,silver,far,133
truck,VIRAT_S_050201_11_002090_002220,861,45,1029,124,gray,far,133
truck,VIRAT_S_050201_11_002090_002220,204,185,348,362,gray,far,133
tree,VIRAT_S_010005_03_000215_000270,0,350,81,56,teal,middle,26
tree,VIRAT_S_010005_03_000215_000270,360,300,51,36,teal,middle,26
tree,VIRAT_S_010005_03_000215_000270,342,275,938,185,teal,middle,26
tree,VIRAT_S_010005_03_000215_000270,296,238,96,36,teal,far,26
tree,VIRAT_S_010005_03_000215_000270,1244,188,36,36,black,far,26
tree,VIRAT_S_010005_03_000215_000270,416,112,160,88,teal,far,26
tree,VIRAT_S_010005_03_000215_000270,584,110,124,90,teal,far,26
tree,VIRAT_S_010005_03_000215_000270,789,80,169,112,teal,far,26
tree,VIRAT_S_010005_03_000215_000270,1018,41,190,166,black,far,26
tree,VIRAT_S_010005_03_000215_000270,1176,0,49,36,black,far,26
tree,VIRAT_S_010005_03_000215_000270,1140,0,43,55,black,far,26
umbrella,VIRAT_S_010005_03_000215_000270,846,565,1156,718,gray,near,26
umbrella,VIRAT_S_010005_03_000215_000270,508,505,752,667,gray,near,26
chair,VIRAT_S_010005_03_000215_000270,306,617,352,682,black,near,26
umbrella,VIRAT_S_010005_03_000215_000270,0,658,238,718,gray,near,26
umbrella,VIRAT_S_010005_03_000215_000270,270,461,478,531,gray,middle,26
umbrella,VIRAT_S_010005_03_000215_000270,746,456,940,598,gray,middle,26
umbrella,VIRAT_S_010005_03_000215_000270,102,428,278,549,gray,middle,26
umbrella,VIRAT_S_010005_03_000215_000270,102,429,276,490,gray,middle,26
umbrella,VIRAT_S_010005_03_000215_000270,300,407,456,450,gray,middle,26
umbrella,VIRAT_S_010005_03_000215_000270,512,374,646,433,gray,middle,26
person,VIRAT_S_010005_03_000215_000270,1218,200,1238,237,brown,far,26
umbrella,VIRAT_S_010005_03_000215_000270,484,424,658,533,gray,middle,26
umbrella,VIRAT_S_010005_03_000215_000270,484,424,658,486,gray,middle,26
umbrella,VIRAT_S_010005_03_000215_000270,1038,493,1278,588,gray,near,26
chair,VIRAT_S_010005_03_000215_000270,568,658,710,718,black,near,26
umbrella,VIRAT_S_010005_03_000215_000270,944,190,1022,209,gray,far,26
person,VIRAT_S_010005_03_000215_000270,896,693,934,718,black,near,26
umbrella,VIRAT_S_010005_03_000215_000270,742,194,754,237,gray,far,26
chair,VIRAT_S_010005_03_000215_000270,1196,681,1262,718,gray,near,26
potted plant,VIRAT_S_010005_03_000215_000270,714,229,738,259,gray,far,26
umbrella,VIRAT_S_010005_03_000215_000270,794,194,860,212,gray,far,26
chair,VIRAT_S_010005_03_000215_000270,1090,654,1228,718,gray,near,26
umbrella,VIRAT_S_010005_03_000215_000270,864,192,936,212,gray,far,26
umbrella,VIRAT_S_010005_03_000215_000270,746,456,940,525,gray,middle,26
umbrella,VIRAT_S_010005_03_000215_000270,1038,493,1278,662,gray,near,26
umbrella,VIRAT_S_010005_03_000215_000270,944,190,1022,246,gray,far,26
chair,VIRAT_S_010005_03_000215_000270,128,565,178,617,black,near,26
chair,VIRAT_S_010005_03_000215_000270,424,586,452,645,silver,near,26
person,VIRAT_S_010005_03_000215_000270,568,223,586,266,gray,far,26
tree,VIRAT_S_010004_06_000547_000715,0,340,119,68,teal,middle,118
tree,VIRAT_S_010004_06_000547_000715,364,301,45,27,teal,middle,118
tree,VIRAT_S_010004_06_000547_000715,344,276,936,186,teal,middle,118
tree,VIRAT_S_010004_06_000547_000715,290,240,102,36,teal,middle,118
tree,VIRAT_S_010004_06_000547_000715,592,112,110,88,black,far,118
tree,VIRAT_S_010004_06_000547_000715,416,112,164,86,teal,far,118
tree,VIRAT_S_010004_06_000547_000715,790,78,170,120,teal,far,118
tree,VIRAT_S_010004_06_000547_000715,1024,40,194,169,black,far,118
tree,VIRAT_S_010004_06_000547_000715,1178,0,50,36,black,far,118
tree,VIRAT_S_010004_06_000547_000715,1144,0,40,56,black,far,118
umbrella,VIRAT_S_010004_06_000547_000715,846,565,1158,718,gray,near,118
umbrella,VIRAT_S_010004_06_000547_000715,0,660,238,718,gray,near,118
umbrella,VIRAT_S_010004_06_000547_000715,302,408,458,451,gray,middle,118
umbrella,VIRAT_S_010004_06_000547_000715,510,506,756,668,gray,near,118
umbrella,VIRAT_S_010004_06_000547_000715,270,462,482,532,gray,middle,118
umbrella,VIRAT_S_010004_06_000547_000715,102,432,278,549,gray,middle,118
umbrella,VIRAT_S_010004_06_000547_000715,102,433,278,490,gray,middle,118
umbrella,VIRAT_S_010004_06_000547_000715,484,427,658,487,gray,middle,118
person,VIRAT_S_010004_06_000547_000715,334,294,362,348,gray,middle,118
umbrella,VIRAT_S_010004_06_000547_000715,748,455,940,600,gray,middle,118
umbrella,VIRAT_S_010004_06_000547_000715,514,374,646,434,gray,middle,118
umbrella,VIRAT_S_010004_06_000547_000715,1040,499,1278,660,gray,near,118
umbrella,VIRAT_S_010004_06_000547_000715,484,427,658,534,gray,middle,118
chair,VIRAT_S_010004_06_000547_000715,306,618,354,685,black,near,118
chair,VIRAT_S_010004_06_000547_000715,1096,655,1230,718,brown,near,118
chair,VIRAT_S_010004_06_000547_000715,1196,682,1262,718,gray,near,118
umbrella,VIRAT_S_010004_06_000547_000715,748,456,940,526,gray,middle,118
person,VIRAT_S_010004_06_000547_000715,418,223,454,272,brown,far,118
potted plant,VIRAT_S_010004_06_000547_000715,714,231,742,259,gray,far,118
umbrella,VIRAT_S_010004_06_000547_000715,946,189,1024,210,gray,far,118
umbrella,VIRAT_S_010004_06_000547_000715,868,192,938,213,gray,far,118
umbrella,VIRAT_S_010004_06_000547_000715,796,195,862,213,gray,far,118
umbrella,VIRAT_S_010004_06_000547_000715,512,505,752,592,gray,near,118
chair,VIRAT_S_010004_06_000547_000715,572,661,712,718,black,near,118
chair,VIRAT_S_010004_06_000547_000715,814,231,848,265,black,far,118
umbrella,VIRAT_S_010004_06_000547_000715,946,189,1024,247,gray,far,118
tree,VIRAT_S_010004_06_000547_000715,0,352,83,55,teal,middle,108
tree,VIRAT_S_010004_06_000547_000715,360,301,51,29,teal,middle,108
tree,VIRAT_S_010004_06_000547_000715,345,275,935,188,teal,middle,108
tree,VIRAT_S_010004_06_000547_000715,292,238,92,36,teal,far,108
tree,VIRAT_S_010004_06_000547_000715,1248,190,32,32,black,far,108
tree,VIRAT_S_010004_06_000547_000715,592,132,110,70,black,far,108
tree,VIRAT_S_010004_06_000547_000715,416,116,167,82,teal,far,108
tree,VIRAT_S_010004_06_000547_000715,791,77,171,116,teal,far,108
tree,VIRAT_S_010004_06_000547_000715,1016,44,200,165,black,far,108
tree,VIRAT_S_010004_06_000547_000715,1178,0,50,37,black,far,108
tree,VIRAT_S_010004_06_000547_000715,1142,0,49,56,black,far,108
umbrella,VIRAT_S_010004_06_000547_000715,846,565,1158,718,gray,near,108
umbrella,VIRAT_S_010004_06_000547_000715,508,505,750,667,gray,near,108
umbrella,VIRAT_S_010004_06_000547_000715,272,462,478,532,gray,middle,108
umbrella,VIRAT_S_010004_06_000547_000715,0,661,238,718,gray,near,108
umbrella,VIRAT_S_010004_06_000547_000715,302,408,458,451,gray,middle,108
person,VIRAT_S_010004_06_000547_000715,208,357,254,420,gray,middle,108
umbrella,VIRAT_S_010004_06_000547_000715,102,434,278,491,gray,middle,108
umbrella,VIRAT_S_010004_06_000547_000715,746,456,942,600,gray,middle,108
umbrella,VIRAT_S_010004_06_000547_000715,102,433,278,549,gray,middle,108
chair,VIRAT_S_010004_06_000547_000715,1096,655,1230,718,navy,near,108
umbrella,VIRAT_S_010004_06_000547_000715,514,375,646,433,gray,middle,108
umbrella,VIRAT_S_010004_06_000547_000715,1040,498,1278,661,gray,near,108
umbrella,VIRAT_S_010004_06_000547_000715,484,425,660,534,gray,middle,108
chair,VIRAT_S_010004_06_000547_000715,306,618,354,685,black,near,108
umbrella,VIRAT_S_010004_06_000547_000715,484,425,660,487,gray,middle,108
chair,VIRAT_S_010004_06_000547_000715,572,661,716,718,black,near,108
chair,VIRAT_S_010004_06_000547_000715,424,587,454,646,gray,near,108
umbrella,VIRAT_S_010004_06_000547_000715,944,190,1024,211,gray,far,108
person,VIRAT_S_010004_06_000547_000715,602,219,624,262,gray,far,108
person,VIRAT_S_010004_06_000547_000715,682,218,702,262,silver,far,108
person,VIRAT_S_010004_06_000547_000715,954,222,976,261,black,far,108
umbrella,VIRAT_S_010004_06_000547_000715,746,457,940,526,gray,middle,108
umbrella,VIRAT_S_010004_06_000547_000715,796,194,862,213,teal,far,108
umbrella,VIRAT_S_010004_06_000547_000715,946,189,1024,249,gray,far,108
umbrella,VIRAT_S_010004_06_000547_000715,866,193,938,213,gray,far,108
chair,VIRAT_S_010004_06_000547_000715,1196,681,1262,718,gray,near,108
umbrella,VIRAT_S_010004_06_000547_000715,512,505,748,592,gray,near,108
umbrella,VIRAT_S_010004_06_000547_000715,794,194,862,232,gray,far,108
umbrella,VIRAT_S_010004_06_000547_000715,1040,499,1278,589,gray,near,108
umbrella,VIRAT_S_010004_06_000547_000715,742,195,754,237,silver,far,108
chair,VIRAT_S_010004_06_000547_000715,996,234,1024,264,black,far,108
dining table,VIRAT_S_010004_06_000547_000715,326,592,428,625,black,near,108
tree,VIRAT_S_010004_06_000547_000715,0,354,82,55,teal,middle,60
tree,VIRAT_S_010004_06_000547_000715,345,276,935,187,teal,middle,60
tree,VIRAT_S_010004_06_000547_000715,294,240,91,36,teal,middle,60
tree,VIRAT_S_010004_06_000547_000715,1248,186,32,38,black,far,60
tree,VIRAT_S_010004_06_000547_000715,428,118,148,82,teal,far,60
tree,VIRAT_S_010004_06_000547_000715,590,114,112,86,black,far,60
tree,VIRAT_S_010004_06_000547_000715,792,72,168,126,teal,far,60
tree,VIRAT_S_010004_06_000547_000715,1024,58,191,152,black,far,60
tree,VIRAT_S_010004_06_000547_000715,1172,0,54,36,black,far,60
tree,VIRAT_S_010004_06_000547_000715,1144,0,34,56,black,far,60
person,VIRAT_S_010004_06_000547_000715,80,608,136,676,silver,near,60
umbrella,VIRAT_S_010004_06_000547_000715,846,568,1158,718,gray,near,60
umbrella,VIRAT_S_010004_06_000547_000715,302,409,456,451,gray,middle,60
umbrella,VIRAT_S_010004_06_000547_000715,272,463,478,532,gray,middle,60
umbrella,VIRAT_S_010004_06_000547_000715,510,506,754,669,gray,near,60
umbrella,VIRAT_S_010004_06_000547_000715,102,432,280,550,gray,middle,60
umbrella,VIRAT_S_010004_06_000547_000715,102,433,280,491,gray,middle,60
umbrella,VIRAT_S_010004_06_000547_000715,0,663,238,718,gray,near,60
umbrella,VIRAT_S_010004_06_000547_000715,484,427,658,488,gray,middle,60
umbrella,VIRAT_S_010004_06_000547_000715,1040,499,1278,659,gray,near,60
chair,VIRAT_S_010004_06_000547_000715,306,619,354,686,black,near,60
umbrella,VIRAT_S_010004_06_000547_000715,748,457,940,526,gray,middle,60
umbrella,VIRAT_S_010004_06_000547_000715,486,426,658,535,gray,middle,60
person,VIRAT_S_010004_06_000547_000715,690,220,708,253,gray,far,60
umbrella,VIRAT_S_010004_06_000547_000715,512,375,648,434,gray,middle,60
umbrella,VIRAT_S_010004_06_000547_000715,948,190,1024,211,gray,far,60
umbrella,VIRAT_S_010004_06_000547_000715,866,194,936,214,gray,far,60
umbrella,VIRAT_S_010004_06_000547_000715,796,195,862,214,gray,far,60
umbrella,VIRAT_S_010004_06_000547_000715,512,506,752,594,gray,near,60
umbrella,VIRAT_S_010004_06_000547_000715,748,457,940,598,gray,middle,60
person,VIRAT_S_010004_06_000547_000715,704,217,718,253,silver,far,60
umbrella,VIRAT_S_010004_06_000547_000715,748,457,942,684,gray,middle,60
tree,VIRAT_S_010003_09_000779_000861,0,340,117,65,teal,middle,3
tree,VIRAT_S_010003_09_000779_000861,360,304,47,34,teal,middle,3
tree,VIRAT_S_010003_09_000779_000861,342,276,938,188,teal,middle,3
tree,VIRAT_S_010003_09_000779_000861,292,238,92,34,teal,far,3
tree,VIRAT_S_010003_09_000779_000861,584,112,122,90,black,far,3
tree,VIRAT_S_010003_09_000779_000861,398,112,178,85,teal,far,3
tree,VIRAT_S_010003_09_000779_000861,796,79,156,120,teal,far,3
tree,VIRAT_S_010003_09_000779_000861,1016,60,200,148,black,far,3
tree,VIRAT_S_010003_09_000779_000861,1176,0,45,38,black,far,3
tree,VIRAT_S_010003_09_000779_000861,1138,0,37,44,black,far,3
umbrella,VIRAT_S_010003_09_000779_000861,844,564,1156,718,gray,near,3
umbrella,VIRAT_S_010003_09_000779_000861,300,407,458,450,gray,middle,3
umbrella,VIRAT_S_010003_09_000779_000861,508,504,744,668,gray,near,3
umbrella,VIRAT_S_010003_09_000779_000861,270,462,494,531,gray,middle,3
umbrella,VIRAT_S_010003_09_000779_000861,100,430,274,549,gray,middle,3
person,VIRAT_S_010003_09_000779_000861,186,657,244,718,navy,near,3
umbrella,VIRAT_S_010003_09_000779_000861,100,430,274,490,gray,middle,3
chair,VIRAT_S_010003_09_000779_000861,1092,652,1228,718,navy,near,3
umbrella,VIRAT_S_010003_09_000779_000861,0,658,236,718,gray,near,3
umbrella,VIRAT_S_010003_09_000779_000861,482,425,656,486,gray,middle,3
umbrella,VIRAT_S_010003_09_000779_000861,1038,500,1278,661,gray,near,3
umbrella,VIRAT_S_010003_09_000779_000861,744,456,940,600,gray,middle,3
person,VIRAT_S_010003_09_000779_000861,152,637,198,678,gray,near,3
umbrella,VIRAT_S_010003_09_000779_000861,482,425,654,535,gray,middle,3
umbrella,VIRAT_S_010003_09_000779_000861,944,192,1022,247,gray,far,3
umbrella,VIRAT_S_010003_09_000779_000861,944,191,1022,211,gray,far,3
umbrella,VIRAT_S_010003_09_000779_000861,746,457,938,527,gray,middle,3
potted plant,VIRAT_S_010003_09_000779_000861,390,106,578,283,teal,far,3
umbrella,VIRAT_S_010003_09_000779_000861,510,375,644,433,gray,middle,3
chair,VIRAT_S_010003_09_000779_000861,302,618,352,685,black,near,3
umbrella,VIRAT_S_010003_09_000779_000861,794,195,860,213,gray,far,3
umbrella,VIRAT_S_010003_09_000779_000861,1038,502,1278,591,gray,near,3
umbrella,VIRAT_S_010003_09_000779_000861,792,195,862,235,gray,far,3
umbrella,VIRAT_S_010003_09_000779_000861,866,193,934,213,gray,far,3
chair,VIRAT_S_010003_09_000779_000861,568,661,716,718,black,near,3
tree,VIRAT_S_010003_09_000779_000861,0,352,82,53,teal,middle,72
tree,VIRAT_S_010003_09_000779_000861,362,301,43,27,teal,middle,72
tree,VIRAT_S_010003_09_000779_000861,343,276,937,188,teal,middle,72
tree,VIRAT_S_010003_09_000779_000861,293,238,93,36,teal,far,72
tree,VIRAT_S_010003_09_000779_000861,1244,186,36,36,black,far,72
tree,VIRAT_S_010003_09_000779_000861,424,113,160,87,teal,far,72
tree,VIRAT_S_010003_09_000779_000861,588,110,113,94,black,far,72
tree,VIRAT_S_010003_09_000779_000861,790,78,168,122,teal,far,72
tree,VIRAT_S_010003_09_000779_000861,1020,60,195,149,black,far,72
tree,VIRAT_S_010003_09_000779_000861,1178,0,45,38,black,far,72
tree,VIRAT_S_010003_09_000779_000861,1136,0,42,41,black,far,72
umbrella,VIRAT_S_010003_09_000779_000861,844,565,1156,718,gray,near,72
umbrella,VIRAT_S_010003_09_000779_000861,302,407,458,451,gray,middle,72
umbrella,VIRAT_S_010003_09_000779_000861,508,506,740,669,gray,near,72
umbrella,VIRAT_S_010003_09_000779_000861,270,462,494,532,gray,middle,72
chair,VIRAT_S_010003_09_000779_000861,568,660,716,718,black,near,72
umbrella,VIRAT_S_010003_09_000779_000861,0,659,238,718,gray,near,72
umbrella,VIRAT_S_010003_09_000779_000861,100,430,276,549,gray,middle,72
umbrella,VIRAT_S_010003_09_000779_000861,100,430,274,491,gray,middle,72
chair,VIRAT_S_010003_09_000779_000861,424,587,450,646,gray,near,72
chair,VIRAT_S_010003_09_000779_000861,1092,657,1228,718,teal,near,72
umbrella,VIRAT_S_010003_09_000779_000861,1038,501,1278,660,gray,near,72
umbrella,VIRAT_S_010003_09_000779_000861,482,425,654,534,gray,middle,72
umbrella,VIRAT_S_010003_09_000779_000861,482,425,654,487,gray,middle,72
umbrella,VIRAT_S_010003_09_000779_000861,746,457,940,599,gray,middle,72
umbrella,VIRAT_S_010003_09_000779_000861,512,373,644,434,gray,middle,72
chair,VIRAT_S_010003_09_000779_000861,304,618,352,682,black,near,72
umbrella,VIRAT_S_010003_09_000779_000861,746,457,938,527,gray,middle,72
umbrella,VIRAT_S_010003_09_000779_000861,944,191,1022,210,gray,far,72
umbrella,VIRAT_S_010003_09_000779_000861,740,195,754,258,gray,far,72
umbrella,VIRAT_S_010003_09_000779_000861,792,195,862,236,gray,far,72
potted plant,VIRAT_S_010003_09_000779_000861,394,108,580,284,teal,far,72
umbrella,VIRAT_S_010003_09_000779_000861,794,194,860,214,gray,far,72
umbrella,VIRAT_S_010003_09_000779_000861,510,505,738,594,gray,near,72
umbrella,VIRAT_S_010003_09_000779_000861,1036,504,1278,591,gray,near,72
potted plant,VIRAT_S_010003_09_000779_000861,712,230,736,259,gray,far,72
umbrella,VIRAT_S_010003_09_000779_000861,866,193,936,213,gray,far,72
chair,VIRAT_S_010003_09_000779_000861,1194,684,1260,718,gray,near,72
tree,VIRAT_S_010201_07_000601_000697,1081,544,59,52,teal,near,7
tree,VIRAT_S_010201_07_000601_000697,1174,452,106,103,black,middle,7
tree,VIRAT_S_010201_07_000601_000697,1112,423,55,25,black,middle,7
tree,VIRAT_S_010201_07_000601_000697,1064,416,46,107,teal,middle,7
tree,VIRAT_S_010201_07_000601_000697,0,407,105,313,black,middle,7
tree,VIRAT_S_010201_07_000601_000697,0,384,16,77,black,middle,7
tree,VIRAT_S_010201_07_000601_000697,438,378,31,55,teal,middle,7
tree,VIRAT_S_010201_07_000601_000697,0,222,333,193,black,far,7
tree,VIRAT_S_010201_07_000601_000697,572,219,208,139,gray,far,7
tree,VIRAT_S_010201_07_000601_000697,434,198,120,138,black,far,7
tree,VIRAT_S_010201_07_000601_000697,374,195,60,101,teal,far,7
tree,VIRAT_S_010201_07_000601_000697,280,192,55,43,black,far,7
tree,VIRAT_S_010201_07_000601_000697,664,136,110,49,gray,far,7
tree,VIRAT_S_010201_07_000601_000697,586,122,61,53,gray,far,7
tree,VIRAT_S_010201_07_000601_000697,661,120,75,28,gray,far,7
tree,VIRAT_S_010201_07_000601_000697,791,88,183,100,gray,far,7
tree,VIRAT_S_010201_07_000601_000697,656,86,121,25,teal,far,7
tree,VIRAT_S_010201_07_000601_000697,1011,62,269,218,black,far,7
tree,VIRAT_S_010201_07_000601_000697,216,34,68,108,black,far,7
tree,VIRAT_S_010201_07_000601_000697,846,0,136,29,black,far,7
tree,VIRAT_S_010201_07_000601_000697,356,0,46,36,gray,far,7
tree,VIRAT_S_010201_07_000601_000697,324,0,31,48,gray,far,7
person,VIRAT_S_010201_07_000601_000697,1134,462,1196,645,black,middle,7
person,VIRAT_S_010201_07_000601_000697,414,267,438,326,gray,middle,7
potted plant,VIRAT_S_010201_07_000601_000697,498,248,552,349,black,middle,7
potted plant,VIRAT_S_010201_07_000601_000697,570,254,632,369,black,middle,7
car,VIRAT_S_010201_07_000601_000697,280,232,344,276,teal,far,7
truck,VIRAT_S_010201_07_000601_000697,280,232,346,276,teal,far,7
car,VIRAT_S_010201_07_000601_000697,258,231,284,247,teal,far,7
person,VIRAT_S_010201_07_000601_000697,230,230,244,255,teal,far,7
tree,VIRAT_S_010201_07_000601_000697,0,632,36,41,black,near,47
tree,VIRAT_S_010201_07_000601_000697,1160,455,120,97,black,middle,47
tree,VIRAT_S_010201_07_000601_000697,430,442,26,150,black,middle,47
tree,VIRAT_S_010201_07_000601_000697,1113,424,47,25,black,middle,47
tree,VIRAT_S_010201_07_000601_000697,1065,417,45,101,teal,middle,47
tree,VIRAT_S_010201_07_000601_000697,0,408,108,312,black,middle,47
tree,VIRAT_S_010201_07_000601_000697,572,220,208,116,gray,far,47
tree,VIRAT_S_010201_07_000601_000697,15,218,313,196,black,far,47
tree,VIRAT_S_010201_07_000601_000697,378,200,176,128,black,far,47
tree,VIRAT_S_010201_07_000601_000697,295,193,36,31,black,far,47
tree,VIRAT_S_010201_07_000601_000697,1013,176,123,100,black,far,47
tree,VIRAT_S_010201_07_000601_000697,1040,130,144,78,black,far,47
tree,VIRAT_S_010201_07_000601_000697,792,96,174,88,gray,far,47
tree,VIRAT_S_010201_07_000601_000697,1032,91,159,32,black,far,47
tree,VIRAT_S_010201_07_000601_000697,200,30,84,100,black,far,47
tree,VIRAT_S_010201_07_000601_000697,847,0,136,29,black,far,47
tree,VIRAT_S_010201_07_000601_000697,356,0,80,34,gray,far,47
tree,VIRAT_S_010201_07_000601_000697,322,0,36,54,gray,far,47
tree,VIRAT_S_010201_07_000601_000697,262,0,61,65,gray,far,47
person,VIRAT_S_010201_07_000601_000697,1032,626,1120,718,black,near,47
person,VIRAT_S_010201_07_000601_000697,916,625,1032,718,black,near,47
car,VIRAT_S_010201_07_000601_000697,268,232,346,276,black,far,47
potted plant,VIRAT_S_010201_07_000601_000697,570,261,632,369,black,middle,47
potted plant,VIRAT_S_010201_07_000601_000697,500,247,554,349,black,middle,47
tree,VIRAT_S_010201_07_000601_000697,0,633,37,42,black,near,71
tree,VIRAT_S_010201_07_000601_000697,1160,456,120,170,black,middle,71
tree,VIRAT_S_010201_07_000601_000697,431,448,22,176,black,middle,71
tree,VIRAT_S_010201_07_000601_000697,1113,421,51,27,black,middle,71
tree,VIRAT_S_010201_07_000601_000697,1065,417,45,102,teal,middle,71
tree,VIRAT_S_010201_07_000601_000697,0,408,104,312,black,middle,71
tree,VIRAT_S_010201_07_000601_000697,0,344,21,115,black,middle,71
tree,VIRAT_S_010201_07_000601_000697,572,256,55,82,black,middle,71
tree,VIRAT_S_010201_07_000601_000697,598,219,182,108,gray,far,71
tree,VIRAT_S_010201_07_000601_000697,0,204,330,210,black,far,71
tree,VIRAT_S_010201_07_000601_000697,435,200,119,126,black,far,71
tree,VIRAT_S_010201_07_000601_000697,378,196,56,100,teal,far,71
tree,VIRAT_S_010201_07_000601_000697,282,192,53,32,black,far,71
tree,VIRAT_S_010201_07_000601_000697,1016,152,164,104,black,far,71
tree,VIRAT_S_010201_07_000601_000697,912,142,62,45,gray,far,71
tree,VIRAT_S_010201_07_000601_000697,792,104,104,82,gray,far,71
tree,VIRAT_S_010201_07_000601_000697,1032,85,165,28,black,far,71
tree,VIRAT_S_010201_07_000601_000697,224,53,40,53,black,far,71
tree,VIRAT_S_010201_07_000601_000697,847,0,134,29,black,far,71
tree,VIRAT_S_010201_07_000601_000697,360,0,56,36,gray,far,71
tree,VIRAT_S_010201_07_000601_000697,261,0,94,68,gray,far,71
person,VIRAT_S_010201_07_000601_000697,1204,510,1278,704,black,near,71
person,VIRAT_S_010201_07_000601_000697,572,338,598,429,black,middle,71
truck,VIRAT_S_010201_07_000601_000697,252,232,346,276,gray,far,71
person,VIRAT_S_010201_07_000601_000697,94,280,126,304,black,middle,71
potted plant,VIRAT_S_010201_07_000601_000697,498,248,552,349,black,middle,71
person,VIRAT_S_010201_07_000601_000697,352,333,382,408,gray,middle,71
tree,VIRAT_S_010201_07_000601_000697,0,633,36,39,black,near,81
tree,VIRAT_S_010201_07_000601_000697,1152,525,48,67,black,near,81
tree,VIRAT_S_010201_07_000601_000697,1156,456,124,89,black,middle,81
tree,VIRAT_S_010201_07_000601_000697,1065,452,43,70,teal,middle,81
tree,VIRAT_S_010201_07_000601_000697,434,449,31,271,black,middle,81
tree,VIRAT_S_010201_07_000601_000697,1067,416,43,41,black,middle,81
tree,VIRAT_S_010201_07_000601_000697,0,336,108,384,black,middle,81
tree,VIRAT_S_010201_07_000601_000697,1216,332,64,64,black,middle,81
tree,VIRAT_S_010201_07_000601_000697,572,256,55,97,black,middle,81
tree,VIRAT_S_010201_07_000601_000697,16,228,272,187,black,far,81
tree,VIRAT_S_010201_07_000601_000697,599,220,181,58,gray,far,81
tree,VIRAT_S_010201_07_000601_000697,435,200,119,128,black,far,81
tree,VIRAT_S_010201_07_000601_000697,3,198,74,112,black,far,81
tree,VIRAT_S_010201_07_000601_000697,375,196,57,98,teal,far,81
tree,VIRAT_S_010201_07_000601_000697,295,193,39,31,black,far,81
tree,VIRAT_S_010201_07_000601_000697,1064,158,92,92,black,far,81
tree,VIRAT_S_010201_07_000601_000697,792,110,101,74,gray,far,81
tree,VIRAT_S_010201_07_000601_000697,223,34,54,95,black,far,81
tree,VIRAT_S_010201_07_000601_000697,846,0,137,29,black,far,81
tree,VIRAT_S_010201_07_000601_000697,356,0,80,32,gray,far,81
tree,VIRAT_S_010201_07_000601_000697,324,0,31,48,gray,far,81
tree,VIRAT_S_010201_07_000601_000697,280,0,46,54,olive,far,81
person,VIRAT_S_010201_07_000601_000697,1214,318,1276,439,black,middle,81
person,VIRAT_S_010201_07_000601_000697,282,291,320,358,black,middle,81
truck,VIRAT_S_010201_07_000601_000697,280,232,346,276,gray,far,81
person,VIRAT_S_010201_07_000601_000697,408,309,432,360,gray,middle,81
person,VIRAT_S_010201_07_000601_000697,172,243,188,276,teal,middle,81
person,VIRAT_S_010201_07_000601_000697,330,293,356,355,teal,middle,81
person,VIRAT_S_010201_07_000601_000697,278,272,298,307,teal,middle,81
potted plant,VIRAT_S_010201_07_000601_000697,570,262,630,369,black,middle,81
person,VIRAT_S_010201_07_000601_000697,1036,545,1124,718,black,near,81
potted plant,VIRAT_S_010201_07_000601_000697,506,247,630,370,black,middle,81
tree,VIRAT_S_010000_00_000000_000165,76,360,84,42,teal,middle,92
tree,VIRAT_S_010000_00_000000_000165,414,274,866,179,teal,middle,92
tree,VIRAT_S_010000_00_000000_000165,482,116,151,84,teal,far,92
tree,VIRAT_S_010000_00_000000_000165,653,111,123,97,teal,far,92
tree,VIRAT_S_010000_00_000000_000165,858,92,134,108,teal,far,92
tree,VIRAT_S_010000_00_000000_000165,1114,31,166,173,teal,far,92
umbrella,VIRAT_S_010000_00_000000_000165,4,652,310,718,gray,near,92
person,VIRAT_S_010000_00_000000_000165,276,541,330,682,gray,near,92
umbrella,VIRAT_S_010000_00_000000_000165,910,565,1224,718,gray,near,92
umbrella,VIRAT_S_010000_00_000000_000165,554,423,734,529,gray,middle,92
person,VIRAT_S_010000_00_000000_000165,222,553,274,668,brown,near,92
umbrella,VIRAT_S_010000_00_000000_000165,1108,498,1278,675,gray,near,92
person,VIRAT_S_010000_00_000000_000165,46,464,80,563,gray,middle,92
umbrella,VIRAT_S_010000_00_000000_000165,574,502,816,664,gray,near,92
umbrella,VIRAT_S_010000_00_000000_000165,346,459,546,526,gray,middle,92
chair,VIRAT_S_010000_00_000000_000165,436,605,498,673,black,near,92
umbrella,VIRAT_S_010000_00_000000_000165,628,364,760,450,gray,middle,92
umbrella,VIRAT_S_010000_00_000000_000165,812,461,1014,615,gray,middle,92
chair,VIRAT_S_010000_00_000000_000165,744,688,782,718,black,near,92
umbrella,VIRAT_S_010000_00_000000_000165,812,461,1014,536,gray,middle,92
umbrella,VIRAT_S_010000_00_000000_000165,174,430,350,544,gray,middle,92
umbrella,VIRAT_S_010000_00_000000_000165,172,432,350,488,gray,middle,92
umbrella,VIRAT_S_010000_00_000000_000165,378,402,528,448,gray,middle,92
umbrella,VIRAT_S_010000_00_000000_000165,576,502,812,590,gray,near,92
umbrella,VIRAT_S_010000_00_000000_000165,552,423,734,482,gray,middle,92
potted plant,VIRAT_S_010000_00_000000_000165,646,87,790,283,teal,far,92
person,VIRAT_S_010000_00_000000_000165,514,222,530,261,black,far,92
umbrella,VIRAT_S_010000_00_000000_000165,1016,186,1094,208,gray,far,92
chair,VIRAT_S_010000_00_000000_000165,862,240,890,264,gray,middle,92
umbrella,VIRAT_S_010000_00_000000_000165,0,574,58,625,gray,near,92
potted plant,VIRAT_S_010000_00_000000_000165,782,227,802,257,gray,far,92
umbrella,VIRAT_S_010000_00_000000_000165,1108,498,1278,591,gray,near,92
dining table,VIRAT_S_010000_00_000000_000165,394,588,498,661,gray,near,92
tree,VIRAT_S_010000_00_000000_000165,76,360,83,42,teal,middle,78
tree,VIRAT_S_010000_00_000000_000165,418,272,862,181,teal,middle,78
tree,VIRAT_S_010000_00_000000_000165,480,116,160,84,teal,far,78
tree,VIRAT_S_010000_00_000000_000165,656,110,120,87,teal,far,78
tree,VIRAT_S_010000_00_000000_000165,858,96,149,102,teal,far,78
tree,VIRAT_S_010000_00_000000_000165,1114,32,166,164,teal,far,78
tree,VIRAT_S_010000_00_000000_000165,1206,0,60,40,black,far,78
umbrella,VIRAT_S_010000_00_000000_000165,2,651,310,718,gray,near,78
chair,VIRAT_S_010000_00_000000_000165,744,688,782,718,black,near,78
umbrella,VIRAT_S_010000_00_000000_000165,910,565,1224,718,gray,near,78
umbrella,VIRAT_S_010000_00_000000_000165,554,423,734,529,gray,middle,78
umbrella,VIRAT_S_010000_00_000000_000165,0,573,60,634,gray,near,78
umbrella,VIRAT_S_010000_00_000000_000165,1108,497,1278,679,gray,near,78
umbrella,VIRAT_S_010000_00_000000_000165,574,504,804,664,gray,near,78
umbrella,VIRAT_S_010000_00_000000_000165,630,364,760,450,gray,middle,78
umbrella,VIRAT_S_010000_00_000000_000165,346,459,544,528,gray,middle,78
umbrella,VIRAT_S_010000_00_000000_000165,174,430,350,543,gray,middle,78
umbrella,VIRAT_S_010000_00_000000_000165,812,457,1014,535,gray,middle,78
umbrella,VIRAT_S_010000_00_000000_000165,1016,186,1096,208,gray,far,78
chair,VIRAT_S_010000_00_000000_000165,438,606,500,672,black,near,78
umbrella,VIRAT_S_010000_00_000000_000165,172,432,350,488,gray,middle,78
potted plant,VIRAT_S_010000_00_000000_000165,648,83,782,283,teal,far,78
umbrella,VIRAT_S_010000_00_000000_000165,812,457,1014,614,gray,middle,78
chair,VIRAT_S_010000_00_000000_000165,268,554,316,609,black,near,78
umbrella,VIRAT_S_010000_00_000000_000165,576,504,802,590,gray,near,78
umbrella,VIRAT_S_010000_00_000000_000165,862,191,932,210,gray,far,78
umbrella,VIRAT_S_010000_00_000000_000165,380,402,526,447,gray,middle,78
chair,VIRAT_S_010000_00_000000_000165,1256,648,1278,669,black,near,78
umbrella,VIRAT_S_010000_00_000000_000165,940,190,1004,208,gray,far,78
chair,VIRAT_S_010000_00_000000_000165,582,705,636,718,brown,near,78
dining table,VIRAT_S_010000_00_000000_000165,228,538,308,609,navy,near,78
chair,VIRAT_S_010000_00_000000_000165,206,558,258,609,gray,near,78
umbrella,VIRAT_S_010000_00_000000_000165,554,423,734,482,gray,middle,78
chair,VIRAT_S_010000_00_000000_000165,628,658,704,718,gray,near,78
umbrella,VIRAT_S_010000_00_000000_000165,860,192,932,235,gray,far,78
potted plant,VIRAT_S_010000_00_000000_000165,462,265,494,297,teal,middle,78
umbrella,VIRAT_S_010000_00_000000_000165,1108,498,1278,590,gray,near,78
chair,VIRAT_S_010000_00_000000_000165,832,592,906,682,gray,near,78
potted plant,VIRAT_S_010000_00_000000_000165,464,102,640,283,teal,far,78
tree,VIRAT_S_010000_00_000000_000165,76,360,82,42,teal,middle,18
tree,VIRAT_S_010000_00_000000_000165,414,273,866,181,teal,middle,18
tree,VIRAT_S_010000_00_000000_000165,480,114,156,86,teal,far,18
tree,VIRAT_S_010000_00_000000_000165,656,112,120,96,teal,far,18
tree,VIRAT_S_010000_00_000000_000165,858,94,142,107,teal,far,18
tree,VIRAT_S_010000_00_000000_000165,1114,40,166,160,teal,far,18
umbrella,VIRAT_S_010000_00_000000_000165,2,653,310,718,gray,near,18
umbrella,VIRAT_S_010000_00_000000_000165,910,568,1226,718,gray,near,18
umbrella,VIRAT_S_010000_00_000000_000165,554,425,734,531,gray,middle,18
person,VIRAT_S_010000_00_000000_000165,294,477,344,558,gray,middle,18
umbrella,VIRAT_S_010000_00_000000_000165,1108,499,1278,688,gray,near,18
umbrella,VIRAT_S_010000_00_000000_000165,574,505,812,664,gray,near,18
potted plant,VIRAT_S_010000_00_000000_000165,648,90,796,284,teal,far,18
umbrella,VIRAT_S_010000_00_000000_000165,346,460,544,529,gray,middle,18
umbrella,VIRAT_S_010000_00_000000_000165,628,364,760,450,gray,middle,18
potted plant,VIRAT_S_010000_00_000000_000165,462,106,644,284,teal,far,18
umbrella,VIRAT_S_010000_00_000000_000165,0,573,60,634,gray,near,18
person,VIRAT_S_010000_00_000000_000165,620,222,640,267,black,far,18
umbrella,VIRAT_S_010000_00_000000_000165,172,430,350,488,gray,middle,18
person,VIRAT_S_010000_00_000000_000165,238,486,282,547,black,near,18
chair,VIRAT_S_010000_00_000000_000165,628,658,680,718,gray,near,18
umbrella,VIRAT_S_010000_00_000000_000165,378,402,528,450,gray,middle,18
umbrella,VIRAT_S_010000_00_000000_000165,814,461,1014,536,gray,middle,18
umbrella,VIRAT_S_010000_00_000000_000165,814,461,1014,619,gray,middle,18
umbrella,VIRAT_S_010000_00_000000_000165,1016,187,1094,209,gray,far,18
umbrella,VIRAT_S_010000_00_000000_000165,576,505,808,592,gray,near,18
potted plant,VIRAT_S_010000_00_000000_000165,782,227,804,257,gray,far,18
umbrella,VIRAT_S_010000_00_000000_000165,944,191,1006,209,gray,far,18
umbrella,VIRAT_S_010000_00_000000_000165,862,192,934,212,gray,far,18
umbrella,VIRAT_S_010000_00_000000_000165,554,424,736,483,gray,middle,18
chair,VIRAT_S_010000_00_000000_000165,1256,649,1278,669,black,near,18
chair,VIRAT_S_010000_00_000000_000165,438,604,498,673,black,near,18
person,VIRAT_S_010000_00_000000_000165,976,225,994,262,purple,far,18
tree,VIRAT_S_010000_00_000000_000165,76,361,83,41,teal,middle,104
tree,VIRAT_S_010000_00_000000_000165,414,272,866,181,teal,middle,104
tree,VIRAT_S_010000_00_000000_000165,480,116,162,84,teal,far,104
tree,VIRAT_S_010000_00_000000_000165,655,112,121,94,teal,far,104
tree,VIRAT_S_010000_00_000000_000165,858,96,143,104,teal,far,104
tree,VIRAT_S_010000_00_000000_000165,1114,18,166,200,teal,far,104
person,VIRAT_S_010000_00_000000_000165,332,662,404,718,silver,near,104
umbrella,VIRAT_S_010000_00_000000_000165,908,565,1224,718,gray,near,104
person,VIRAT_S_010000_00_000000_000165,412,664,458,718,silver,near,104
umbrella,VIRAT_S_010000_00_000000_000165,554,423,732,529,gray,middle,104
umbrella,VIRAT_S_010000_00_000000_000165,6,653,310,718,gray,near,104
umbrella,VIRAT_S_010000_00_000000_000165,0,573,60,634,gray,near,104
umbrella,VIRAT_S_010000_00_000000_000165,1108,497,1278,686,gray,near,104
umbrella,VIRAT_S_010000_00_000000_000165,576,504,804,664,gray,near,104
umbrella,VIRAT_S_010000_00_000000_000165,346,459,544,528,gray,middle,104
umbrella,VIRAT_S_010000_00_000000_000165,628,363,760,450,gray,middle,104
chair,VIRAT_S_010000_00_000000_000165,268,553,316,609,black,near,104
umbrella,VIRAT_S_010000_00_000000_000165,174,430,350,544,gray,middle,104
chair,VIRAT_S_010000_00_000000_000165,862,243,888,264,gray,middle,104
potted plant,VIRAT_S_010000_00_000000_000165,464,108,644,282,teal,far,104
umbrella,VIRAT_S_010000_00_000000_000165,812,460,1014,609,gray,middle,104
umbrella,VIRAT_S_010000_00_000000_000165,1016,186,1094,208,gray,far,104
umbrella,VIRAT_S_010000_00_000000_000165,378,401,528,447,gray,middle,104
umbrella,VIRAT_S_010000_00_000000_000165,576,504,802,590,gray,near,104
umbrella,VIRAT_S_010000_00_000000_000165,812,460,1012,534,gray,middle,104
umbrella,VIRAT_S_010000_00_000000_000165,862,191,934,211,gray,far,104
umbrella,VIRAT_S_010000_00_000000_000165,944,190,1004,208,gray,far,104
umbrella,VIRAT_S_010000_00_000000_000165,172,430,350,488,gray,middle,104
chair,VIRAT_S_010000_00_000000_000165,204,558,258,609,gray,near,104
chair,VIRAT_S_010000_00_000000_000165,900,243,924,262,gray,middle,104
chair,VIRAT_S_010000_00_000000_000165,646,659,780,718,black,near,104
umbrella,VIRAT_S_010000_00_000000_000165,554,423,734,483,gray,middle,104
chair,VIRAT_S_010000_00_000000_000165,1256,648,1278,669,black,near,104
umbrella,VIRAT_S_010000_00_000000_000165,1108,497,1278,590,gray,near,104
person,VIRAT_S_010000_00_000000_000165,0,667,20,718,black,near,104
potted plant,VIRAT_S_010000_00_000000_000165,646,88,786,283,teal,far,104
dining table,VIRAT_S_010000_00_000000_000165,228,538,310,609,teal,near,104
tree,VIRAT_S_010000_00_000000_000165,75,361,82,39,teal,middle,63
tree,VIRAT_S_010000_00_000000_000165,414,346,50,66,teal,middle,63
tree,VIRAT_S_010000_00_000000_000165,453,274,827,179,teal,middle,63
tree,VIRAT_S_010000_00_000000_000165,480,116,160,84,teal,far,63
tree,VIRAT_S_010000_00_000000_000165,648,110,128,84,teal,far,63
tree,VIRAT_S_010000_00_000000_000165,858,92,142,95,teal,far,63
tree,VIRAT_S_010000_00_000000_000165,1112,32,168,170,teal,far,63
umbrella,VIRAT_S_010000_00_000000_000165,2,651,310,718,gray,near,63
umbrella,VIRAT_S_010000_00_000000_000165,0,573,60,632,gray,near,63
umbrella,VIRAT_S_010000_00_000000_000165,908,565,1224,718,gray,near,63
person,VIRAT_S_010000_00_000000_000165,114,455,162,558,black,middle,63
umbrella,VIRAT_S_010000_00_000000_000165,554,424,732,529,gray,middle,63
umbrella,VIRAT_S_010000_00_000000_000165,1106,500,1278,687,gray,near,63
umbrella,VIRAT_S_010000_00_000000_000165,574,504,812,666,gray,near,63
umbrella,VIRAT_S_010000_00_000000_000165,172,432,350,544,gray,middle,63
umbrella,VIRAT_S_010000_00_000000_000165,346,460,546,528,gray,middle,63
umbrella,VIRAT_S_010000_00_000000_000165,172,432,350,488,gray,middle,63
umbrella,VIRAT_S_010000_00_000000_000165,630,364,760,451,gray,middle,63
umbrella,VIRAT_S_010000_00_000000_000165,812,459,1014,617,gray,middle,63
umbrella,VIRAT_S_010000_00_000000_000165,380,400,526,447,gray,middle,63
umbrella,VIRAT_S_010000_00_000000_000165,812,459,1014,534,gray,middle,63
umbrella,VIRAT_S_010000_00_000000_000165,574,502,808,592,gray,near,63
umbrella,VIRAT_S_010000_00_000000_000165,1016,187,1094,208,gray,far,63
chair,VIRAT_S_010000_00_000000_000165,648,652,780,718,black,near,63
chair,VIRAT_S_010000_00_000000_000165,268,554,316,609,black,near,63
potted plant,VIRAT_S_010000_00_000000_000165,462,106,642,283,teal,far,63
chair,VIRAT_S_010000_00_000000_000165,744,687,782,718,black,near,63
potted plant,VIRAT_S_010000_00_000000_000165,648,86,786,283,teal,far,63
chair,VIRAT_S_010000_00_000000_000165,438,605,500,672,black,near,63
chair,VIRAT_S_010000_00_000000_000165,832,592,906,684,gray,near,63
chair,VIRAT_S_010000_00_000000_000165,628,658,706,718,gray,near,63
chair,VIRAT_S_010000_00_000000_000165,1256,648,1278,668,black,near,63
umbrella,VIRAT_S_010000_00_000000_000165,554,423,734,482,gray,middle,63
dining table,VIRAT_S_010000_00_000000_000165,228,540,308,609,navy,near,63
umbrella,VIRAT_S_010000_00_000000_000165,862,191,934,211,gray,far,63
chair,VIRAT_S_010000_00_000000_000165,862,241,890,264,gray,middle,63
potted plant,VIRAT_S_010000_00_000000_000165,462,266,494,297,teal,middle,63
chair,VIRAT_S_010000_00_000000_000165,206,558,258,609,gray,near,63
tree,VIRAT_S_000200_06_001693_001824,1255,642,25,78,teal,near,88
tree,VIRAT_S_000200_06_001693_001824,1162,630,92,90,teal,near,88
tree,VIRAT_S_000200_06_001693_001824,1252,584,28,49,teal,near,88
tree,VIRAT_S_000200_06_001693_001824,369,541,383,130,teal,near,88
tree,VIRAT_S_000200_06_001693_001824,960,528,194,144,gray,near,88
tree,VIRAT_S_000200_06_001693_001824,0,481,398,239,teal,near,88
tree,VIRAT_S_000200_06_001693_001824,24,288,52,39,teal,middle,88
tree,VIRAT_S_000200_06_001693_001824,364,272,91,37,teal,middle,88
tree,VIRAT_S_000200_06_001693_001824,1094,258,186,202,teal,middle,88
tree,VIRAT_S_000200_06_001693_001824,940,228,42,38,teal,far,88
tree,VIRAT_S_000200_06_001693_001824,564,148,72,36,gray,far,88
tree,VIRAT_S_000200_06_001693_001824,52,101,788,228,teal,far,88
car,VIRAT_S_000200_06_001693_001824,654,499,796,555,gray,near,88
car,VIRAT_S_000200_06_001693_001824,1050,311,1102,333,gray,middle,88
car,VIRAT_S_000200_06_001693_001824,116,379,234,417,gray,middle,88
car,VIRAT_S_000200_06_001693_001824,714,461,856,526,gray,middle,88
car,VIRAT_S_000200_06_001693_001824,946,330,1008,357,gray,middle,88
car,VIRAT_S_000200_06_001693_001824,102,353,208,383,gray,middle,88
car,VIRAT_S_000200_06_001693_001824,456,433,548,486,brown,middle,88
person,VIRAT_S_000200_06_001693_001824,378,303,396,331,gray,middle,88
person,VIRAT_S_000200_06_001693_001824,930,302,942,324,gray,middle,88
car,VIRAT_S_000200_06_001693_001824,200,373,272,410,gray,middle,88
car,VIRAT_S_000200_06_001693_001824,0,347,18,363,gray,middle,88
person,VIRAT_S_000200_06_001693_001824,598,311,608,339,gray,middle,88
person,VIRAT_S_000200_06_001693_001824,612,497,632,546,gray,near,88
tree,VIRAT_S_010110_06_000953_001011,1173,378,107,228,gray,middle,22
tree,VIRAT_S_010110_06_000953_001011,1160,188,64,26,gray,far,22
tree,VIRAT_S_010110_06_000953_001011,743,168,93,21,gray,far,22
tree,VIRAT_S_010110_06_000953_001011,93,168,50,30,gray,far,22
tree,VIRAT_S_010110_06_000953_001011,30,168,58,34,gray,far,22
tree,VIRAT_S_010110_06_000953_001011,1210,127,42,69,teal,far,22
tree,VIRAT_S_010110_06_000953_001011,1256,124,24,60,teal,far,22
tree,VIRAT_S_010110_06_000953_001011,1087,120,90,80,teal,far,22
tree,VIRAT_S_010110_06_000953_001011,988,120,41,64,gray,far,22
tree,VIRAT_S_010110_06_000953_001011,840,97,93,95,gray,far,22
tree,VIRAT_S_010110_06_000953_001011,804,12,64,84,gray,far,22
tree,VIRAT_S_010110_06_000953_001011,1049,0,53,57,teal,far,22
tree,VIRAT_S_010110_06_000953_001011,736,0,58,96,teal,far,22
tree,VIRAT_S_010110_06_000953_001011,126,0,226,191,teal,far,22
tree,VIRAT_S_010110_06_000953_001011,69,0,47,40,gray,far,22
car,VIRAT_S_010110_06_000953_001011,960,508,1140,603,gray,near,22
car,VIRAT_S_010110_06_000953_001011,482,453,676,511,gray,middle,22
car,VIRAT_S_010110_06_000953_001011,432,401,582,451,gray,middle,22
car,VIRAT_S_010110_06_000953_001011,312,437,482,495,brown,middle,22
car,VIRAT_S_010110_06_000953_001011,630,337,752,376,purple,middle,22
car,VIRAT_S_010110_06_000953_001011,122,374,208,435,gray,middle,22
car,VIRAT_S_010110_06_000953_001011,250,347,322,393,black,middle,22
truck,VIRAT_S_010110_06_000953_001011,856,219,980,282,white,far,22
car,VIRAT_S_010110_06_000953_001011,496,380,618,425,gray,middle,22
car,VIRAT_S_010110_06_000953_001011,208,312,272,358,silver,middle,22
car,VIRAT_S_010110_06_000953_001011,1008,457,1182,568,black,middle,22
car,VIRAT_S_010110_06_000953_001011,394,309,472,347,gray,middle,22
car,VIRAT_S_010110_06_000953_001011,772,338,884,382,maroon,middle,22
car,VIRAT_S_010110_06_000953_001011,0,374,18,426,gray,middle,22
truck,VIRAT_S_010110_06_000953_001011,728,286,848,330,silver,middle,22
truck,VIRAT_S_010110_06_000953_001011,898,279,1018,329,silver,middle,22
truck,VIRAT_S_010110_06_000953_001011,590,381,770,456,silver,middle,22
car,VIRAT_S_010110_06_000953_001011,672,324,778,362,gray,middle,22
truck,VIRAT_S_010110_06_000953_001011,960,256,1068,309,white,middle,22
car,VIRAT_S_010110_06_000953_001011,304,293,378,335,brown,middle,22
car,VIRAT_S_010110_06_000953_001011,0,230,30,256,black,far,22
car,VIRAT_S_010110_06_000953_001011,536,433,692,478,brown,middle,22
car,VIRAT_S_010110_06_000953_001011,252,302,326,345,gray,middle,22
car,VIRAT_S_010110_06_000953_001011,798,321,924,366,gray,middle,22
car,VIRAT_S_010110_06_000953_001011,1040,429,1200,522,black,middle,22
car,VIRAT_S_010110_06_000953_001011,706,311,812,348,gray,middle,22
tree,VIRAT_S_040002_03_001525_001569,0,728,128,42,gray,near,17
tree,VIRAT_S_040002_03_001525_001569,1852,679,68,393,gray,middle,17
tree,VIRAT_S_040002_03_001525_001569,1854,620,29,32,gray,middle,17
tree,VIRAT_S_040002_03_001525_001569,1726,599,108,45,gray,middle,17
tree,VIRAT_S_040002_03_001525_001569,36,581,1816,499,gray,middle,17
tree,VIRAT_S_040002_03_001525_001569,378,566,90,69,gray,middle,17
tree,VIRAT_S_040002_03_001525_001569,1290,548,418,72,gray,middle,17
tree,VIRAT_S_040002_03_001525_001569,1243,543,42,29,teal,middle,17
tree,VIRAT_S_040002_03_001525_001569,992,532,276,92,gray,middle,17
tree,VIRAT_S_040002_03_001525_001569,566,526,60,46,gray,middle,17
tree,VIRAT_S_040002_03_001525_001569,624,520,40,48,gray,middle,17
tree,VIRAT_S_040002_03_001525_001569,507,520,53,42,gray,middle,17
tree,VIRAT_S_040002_03_001525_001569,676,488,128,68,gray,middle,17
tree,VIRAT_S_040002_03_001525_001569,332,480,148,31,gray,middle,17
tree,VIRAT_S_040002_03_001525_001569,232,471,95,27,silver,middle,17
tree,VIRAT_S_040002_03_001525_001569,1392,453,320,74,gray,middle,17
tree,VIRAT_S_040002_03_001525_001569,276,452,147,47,gray,middle,17
tree,VIRAT_S_040002_03_001525_001569,186,452,59,24,silver,middle,17
tree,VIRAT_S_040002_03_001525_001569,176,439,97,23,gray,middle,17
tree,VIRAT_S_040002_03_001525_001569,1644,438,60,54,teal,middle,17
tree,VIRAT_S_040002_03_001525_001569,276,432,276,53,gray,middle,17
tree,VIRAT_S_040002_03_001525_001569,1752,366,119,152,gray,middle,17
tree,VIRAT_S_040002_03_001525_001569,1875,302,45,42,gray,far,17
tree,VIRAT_S_040002_03_001525_001569,0,266,80,124,gray,far,17
tree,VIRAT_S_040002_03_001525_001569,56,258,276,160,gray,far,17
tree,VIRAT_S_040002_03_001525_001569,1093,186,39,67,teal,far,17
tree,VIRAT_S_040002_03_001525_001569,1756,146,140,126,gray,far,17
tree,VIRAT_S_040002_03_001525_001569,295,88,795,394,gray,far,17
tree,VIRAT_S_040002_03_001525_001569,1136,60,452,439,teal,far,17
car,VIRAT_S_040002_03_001525_001569,39,528,144,594,gray,middle,17
car,VIRAT_S_040002_03_001525_001569,0,475,42,519,gray,middle,17
truck,VIRAT_S_040002_03_001525_001569,462,578,678,673,gray,middle,17
car,VIRAT_S_040002_03_001525_001569,0,551,72,610,gray,middle,17
car,VIRAT_S_040002_03_001525_001569,99,452,186,489,gray,middle,17
stop sign,VIRAT_S_040002_03_001525_001569,1056,450,1080,474,gray,middle,17
tree,VIRAT_S_050300_09_001789_001858,0,471,48,31,black,middle,29
tree,VIRAT_S_050300_09_001789_001858,0,427,32,43,black,middle,29
tree,VIRAT_S_050300_09_001789_001858,1211,393,97,55,teal,middle,29
tree,VIRAT_S_050300_09_001789_001858,1860,301,47,123,black,far,29
tree,VIRAT_S_050300_09_001789_001858,1620,283,75,37,black,far,29
tree,VIRAT_S_050300_09_001789_001858,1286,140,52,28,black,far,29
tree,VIRAT_S_050300_09_001789_001858,1392,88,117,87,black,far,29
tree,VIRAT_S_050300_09_001789_001858,1348,88,34,96,black,far,29
tree,VIRAT_S_050300_09_001789_001858,1015,0,905,353,black,far,29
tree,VIRAT_S_050300_09_001789_001858,0,0,1212,495,black,far,29
car,VIRAT_S_050300_09_001789_001858,984,813,1230,924,purple,near,29
car,VIRAT_S_050300_09_001789_001858,669,742,885,831,gray,near,29
car,VIRAT_S_050300_09_001789_001858,942,720,1179,813,silver,near,29
car,VIRAT_S_050300_09_001789_001858,939,651,1140,727,gray,middle,29
truck,VIRAT_S_050300_09_001789_001858,627,683,903,777,gray,middle,29
car,VIRAT_S_050300_09_001789_001858,1557,356,1626,393,gray,far,29
car,VIRAT_S_050300_09_001789_001858,693,450,852,502,gray,middle,29
car,VIRAT_S_050300_09_001789_001858,1383,302,1443,332,gray,far,29
car,VIRAT_S_050300_09_001789_001858,1278,300,1329,335,gray,far,29
car,VIRAT_S_050300_09_001789_001858,1662,364,1767,421,gray,middle,29
car,VIRAT_S_050300_09_001789_001858,99,583,309,693,gray,middle,29
car,VIRAT_S_050300_09_001789_001858,879,567,1113,661,brown,middle,29
car,VIRAT_S_050300_09_001789_001858,897,236,966,259,gray,far,29
car,VIRAT_S_050300_09_001789_001858,618,229,675,259,gray,far,29
truck,VIRAT_S_050300_09_001789_001858,879,567,1113,661,brown,middle,29
truck,VIRAT_S_050300_09_001789_001858,1662,364,1767,421,gray,middle,29
car,VIRAT_S_050300_09_001789_001858,1134,194,1167,214,gray,far,29
traffic light,VIRAT_S_050300_09_001789_001858,1392,275,1419,300,gray,far,29
car,VIRAT_S_050300_09_001789_001858,1089,190,1125,216,gray,far,29
traffic light,VIRAT_S_050300_09_001789_001858,1398,275,1425,300,gray,far,29
tree,VIRAT_S_050300_09_001789_001858,0,468,45,30,black,middle,55
tree,VIRAT_S_050300_09_001789_001858,1216,392,89,44,teal,middle,55
tree,VIRAT_S_050300_09_001789_001858,1615,271,78,43,black,far,55
tree,VIRAT_S_050300_09_001789_001858,1292,137,44,30,black,far,55
tree,VIRAT_S_050300_09_001789_001858,1140,0,780,470,black,far,55
tree,VIRAT_S_050300_09_001789_001858,1024,0,40,42,black,far,55
tree,VIRAT_S_050300_09_001789_001858,0,0,1213,490,black,far,55
car,VIRAT_S_050300_09_001789_001858,669,740,882,828,gray,near,55
car,VIRAT_S_050300_09_001789_001858,984,810,1227,923,purple,near,55
car,VIRAT_S_050300_09_001789_001858,942,717,1179,810,silver,middle,55
car,VIRAT_S_050300_09_001789_001858,936,648,1140,723,gray,middle,55
truck,VIRAT_S_050300_09_001789_001858,357,703,588,835,black,middle,55
car,VIRAT_S_050300_09_001789_001858,690,448,834,499,gray,middle,55
car,VIRAT_S_050300_09_001789_001858,1788,610,1917,698,gray,middle,55
car,VIRAT_S_050300_09_001789_001858,891,231,960,256,gray,far,55
car,VIRAT_S_050300_09_001789_001858,1437,221,1506,246,gray,far,55
truck,VIRAT_S_050300_09_001789_001858,96,578,306,690,gray,middle,55
truck,VIRAT_S_050300_09_001789_001858,1668,482,1764,540,gray,middle,55
truck,VIRAT_S_050300_09_001789_001858,879,563,1113,658,brown,middle,55
car,VIRAT_S_050300_09_001789_001858,96,580,306,690,gray,middle,55
car,VIRAT_S_050300_09_001789_001858,1668,482,1764,540,gray,middle,55
car,VIRAT_S_050300_09_001789_001858,879,563,1113,658,brown,middle,55
car,VIRAT_S_050300_09_001789_001858,1287,271,1341,312,gray,far,55
car,VIRAT_S_050300_09_001789_001858,1293,256,1344,286,gray,far,55
car,VIRAT_S_050300_09_001789_001858,849,266,879,278,gray,far,55
car,VIRAT_S_050300_09_001789_001858,1170,212,1209,237,gray,far,55
car,VIRAT_S_050300_09_001789_001858,1200,259,1221,286,gray,far,55
tree,VIRAT_S_050300_09_001789_001858,0,469,40,30,black,middle,44
tree,VIRAT_S_050300_09_001789_001858,0,424,32,44,black,middle,44
tree,VIRAT_S_050300_09_001789_001858,1207,392,97,46,teal,middle,44
tree,VIRAT_S_050300_09_001789_001858,1296,139,40,27,black,far,44
tree,VIRAT_S_050300_09_001789_001858,1396,111,40,33,black,far,44
tree,VIRAT_S_050300_09_001789_001858,1125,0,795,422,black,far,44
tree,VIRAT_S_050300_09_001789_001858,1045,0,79,37,black,far,44
tree,VIRAT_S_050300_09_001789_001858,1014,0,54,33,black,far,44
tree,VIRAT_S_050300_09_001789_001858,0,0,1210,491,black,far,44
car,VIRAT_S_050300_09_001789_001858,984,811,1227,923,purple,near,44
car,VIRAT_S_050300_09_001789_001858,942,718,1176,810,silver,middle,44
car,VIRAT_S_050300_09_001789_001858,666,740,882,830,gray,near,44
car,VIRAT_S_050300_09_001789_001858,936,648,1140,725,gray,middle,44
car,VIRAT_S_050300_09_001789_001858,690,448,843,501,gray,middle,44
car,VIRAT_S_050300_09_001789_001858,891,232,960,258,gray,far,44
car,VIRAT_S_050300_09_001789_001858,1440,222,1506,248,gray,far,44
car,VIRAT_S_050300_09_001789_001858,1218,270,1272,308,gray,far,44
truck,VIRAT_S_050300_09_001789_001858,627,686,897,772,gray,middle,44
car,VIRAT_S_050300_09_001789_001858,96,580,306,691,gray,middle,44
car,VIRAT_S_050300_09_001789_001858,879,565,1110,659,brown,middle,44
truck,VIRAT_S_050300_09_001789_001858,96,582,306,691,gray,middle,44
car,VIRAT_S_050300_09_001789_001858,1791,572,1917,698,gray,middle,44
truck,VIRAT_S_050300_09_001789_001858,879,565,1110,659,brown,middle,44
car,VIRAT_S_050300_09_001789_001858,1188,219,1230,248,gray,far,44
car,VIRAT_S_050300_09_001789_001858,615,226,672,258,gray,far,44
car,VIRAT_S_050300_09_001789_001858,1266,259,1317,300,gray,far,44
truck,VIRAT_S_050300_09_001789_001858,1260,202,1317,239,gray,far,44
car,VIRAT_S_050300_09_001789_001858,1260,202,1314,239,gray,far,44
car,VIRAT_S_050300_09_001789_001858,1077,173,1104,199,gray,far,44
car,VIRAT_S_050300_09_001789_001858,1074,153,1101,172,gray,far,44
tree,VIRAT_S_050201_02_000395_000483,1000,988,100,36,gray,near,45
tree,VIRAT_S_050201_02_000395_000483,0,928,64,56,teal,near,45
tree,VIRAT_S_050201_02_000395_000483,94,605,246,475,gray,middle,45
tree,VIRAT_S_050201_02_000395_000483,1306,592,116,40,gray,middle,45
tree,VIRAT_S_050201_02_000395_000483,1214,456,418,370,teal,middle,45
tree,VIRAT_S_050201_02_000395_000483,1070,441,34,39,gray,middle,45
tree,VIRAT_S_050201_02_000395_000483,1392,440,106,76,teal,middle,45
tree,VIRAT_S_050201_02_000395_000483,1685,389,32,51,black,middle,45
tree,VIRAT_S_050201_02_000395_000483,232,366,96,65,gray,middle,45
tree,VIRAT_S_050201_02_000395_000483,1280,312,40,44,black,far,45
tree,VIRAT_S_050201_02_000395_000483,1056,240,270,48,teal,far,45
tree,VIRAT_S_050201_02_000395_000483,1226,192,54,49,black,far,45
tree,VIRAT_S_050201_02_000395_000483,1128,0,696,386,black,far,45
tree,VIRAT_S_050201_02_000395_000483,1060,0,75,64,black,far,45
car,VIRAT_S_050201_02_000395_000483,816,610,1095,729,gray,middle,45
car,VIRAT_S_050201_02_000395_000483,591,663,849,818,gray,middle,45
car,VIRAT_S_050201_02_000395_000483,564,556,801,691,brown,middle,45
car,VIRAT_S_050201_02_000395_000483,903,865,1197,1015,black,near,45
car,VIRAT_S_050201_02_000395_000483,804,541,1032,632,gray,middle,45
car,VIRAT_S_050201_02_000395_000483,813,472,1029,567,gray,middle,45
car,VIRAT_S_050201_02_000395_000483,513,224,675,315,gray,far,45
car,VIRAT_S_050201_02_000395_000483,717,362,924,447,brown,middle,45
car,VIRAT_S_050201_02_000395_000483,717,303,909,379,gray,far,45
car,VIRAT_S_050201_02_000395_000483,513,276,693,379,gray,far,45
car,VIRAT_S_050201_02_000395_000483,876,761,1146,879,silver,near,45
car,VIRAT_S_050201_02_000395_000483,1569,833,1623,923,gray,near,45
car,VIRAT_S_050201_02_000395_000483,504,74,651,150,black,far,45
car,VIRAT_S_050201_02_000395_000483,1356,298,1509,379,black,far,45
car,VIRAT_S_050201_02_000395_000483,492,158,651,229,gray,far,45
car,VIRAT_S_050201_02_000395_000483,1053,170,1200,232,black,far,45
car,VIRAT_S_050201_02_000395_000483,489,126,642,183,gray,far,45
car,VIRAT_S_050201_02_000395_000483,678,1036,876,1078,silver,near,45
car,VIRAT_S_050201_02_000395_000483,1524,393,1674,484,black,middle,45
car,VIRAT_S_050201_02_000395_000483,834,23,957,70,brown,far,45
car,VIRAT_S_050201_02_000395_000483,795,0,921,50,gray,far,45
car,VIRAT_S_050201_02_000395_000483,228,84,342,133,black,far,45
car,VIRAT_S_050201_02_000395_000483,861,47,1029,126,gray,far,45
truck,VIRAT_S_050201_02_000395_000483,678,212,891,303,silver,far,45
truck,VIRAT_S_050201_02_000395_000483,198,178,345,362,gray,far,45
car,VIRAT_S_050201_02_000395_000483,678,212,891,303,silver,far,45
truck,VIRAT_S_050201_02_000395_000483,219,232,336,362,gray,far,45
truck,VIRAT_S_050201_02_000395_000483,861,45,1029,126,gray,far,45
car,VIRAT_S_050201_02_000395_000483,1476,528,1683,821,silver,middle,45
car,VIRAT_S_050201_02_000395_000483,765,0,888,28,black,far,45
tree,VIRAT_S_010110_03_000712_000739,1176,479,104,127,gray,middle,10
tree,VIRAT_S_010110_03_000712_000739,1240,378,40,110,teal,middle,10
tree,VIRAT_S_010110_03_000712_000739,1162,188,46,24,gray,far,10
tree,VIRAT_S_010110_03_000712_000739,1056,172,38,32,gray,far,10
tree,VIRAT_S_010110_03_000712_000739,720,168,117,20,gray,far,10
tree,VIRAT_S_010110_03_000712_000739,93,168,47,20,gray,far,10
tree,VIRAT_S_010110_03_000712_000739,840,166,40,26,gray,far,10
tree,VIRAT_S_010110_03_000712_000739,30,166,60,24,gray,far,10
tree,VIRAT_S_010110_03_000712_000739,1208,128,44,70,teal,far,10
tree,VIRAT_S_010110_03_000712_000739,1256,127,24,57,teal,far,10
tree,VIRAT_S_010110_03_000712_000739,1089,121,88,81,teal,far,10
tree,VIRAT_S_010110_03_000712_000739,988,121,40,65,teal,far,10
tree,VIRAT_S_010110_03_000712_000739,860,96,76,84,teal,far,10
tree,VIRAT_S_010110_03_000712_000739,743,33,55,65,teal,far,10
tree,VIRAT_S_010110_03_000712_000739,804,19,66,77,teal,far,10
tree,VIRAT_S_010110_03_000712_000739,954,8,42,46,gray,far,10
tree,VIRAT_S_010110_03_000712_000739,1050,0,62,56,gray,far,10
tree,VIRAT_S_010110_03_000712_000739,132,0,220,180,teal,far,10
tree,VIRAT_S_010110_03_000712_000739,70,0,40,41,teal,far,10
car,VIRAT_S_010110_03_000712_000739,960,508,1140,603,gray,near,10
car,VIRAT_S_010110_03_000712_000739,484,453,676,511,gray,middle,10
car,VIRAT_S_010110_03_000712_000739,314,438,484,496,gray,middle,10
car,VIRAT_S_010110_03_000712_000739,430,402,582,451,gray,middle,10
car,VIRAT_S_010110_03_000712_000739,250,346,322,393,black,middle,10
car,VIRAT_S_010110_03_000712_000739,630,337,750,376,purple,middle,10
car,VIRAT_S_010110_03_000712_000739,122,374,208,433,silver,middle,10
car,VIRAT_S_010110_03_000712_000739,1008,457,1182,567,black,middle,10
truck,VIRAT_S_010110_03_000712_000739,856,220,984,282,white,far,10
car,VIRAT_S_010110_03_000712_000739,208,312,274,358,silver,middle,10
car,VIRAT_S_010110_03_000712_000739,494,380,620,426,gray,middle,10
car,VIRAT_S_010110_03_000712_000739,774,339,884,382,black,middle,10
car,VIRAT_S_010110_03_000712_000739,0,374,18,427,gray,middle,10
car,VIRAT_S_010110_03_000712_000739,394,310,472,348,gray,middle,10
truck,VIRAT_S_010110_03_000712_000739,728,286,848,331,silver,middle,10
truck,VIRAT_S_010110_03_000712_000739,900,279,1018,329,silver,middle,10
truck,VIRAT_S_010110_03_000712_000739,592,381,770,456,silver,middle,10
car,VIRAT_S_010110_03_000712_000739,536,434,690,478,brown,middle,10
car,VIRAT_S_010110_03_000712_000739,304,294,378,336,brown,middle,10
car,VIRAT_S_010110_03_000712_000739,674,325,776,362,gray,middle,10
car,VIRAT_S_010110_03_000712_000739,250,302,330,346,gray,middle,10
truck,VIRAT_S_010110_03_000712_000739,956,257,1068,309,white,middle,10
car,VIRAT_S_010110_03_000712_000739,0,229,30,257,black,far,10
tree,VIRAT_S_040005_08_001225_001276,1884,1037,36,43,teal,near,40
tree,VIRAT_S_040005_08_001225_001276,0,725,130,44,gray,near,40
tree,VIRAT_S_040005_08_001225_001276,1854,676,66,358,gray,middle,40
tree,VIRAT_S_040005_08_001225_001276,1854,615,30,35,gray,middle,40
tree,VIRAT_S_040005_08_001225_001276,1728,600,106,40,gray,middle,40
tree,VIRAT_S_040005_08_001225_001276,41,580,1815,500,gray,middle,40
tree,VIRAT_S_040005_08_001225_001276,379,562,87,70,gray,middle,40
tree,VIRAT_S_040005_08_001225_001276,1296,545,410,71,gray,middle,40
tree,VIRAT_S_040005_08_001225_001276,989,529,270,91,gray,middle,40
tree,VIRAT_S_040005_08_001225_001276,507,524,40,39,gray,middle,40
tree,VIRAT_S_040005_08_001225_001276,546,522,78,48,gray,middle,40
tree,VIRAT_S_040005_08_001225_001276,624,520,38,46,gray,middle,40
tree,VIRAT_S_040005_08_001225_001276,678,486,128,58,gray,middle,40
tree,VIRAT_S_040005_08_001225_001276,294,454,190,54,gray,middle,40
tree,VIRAT_S_040005_08_001225_001276,426,450,128,32,gray,middle,40
tree,VIRAT_S_040005_08_001225_001276,138,450,191,46,silver,middle,40
tree,VIRAT_S_040005_08_001225_001276,176,438,96,22,gray,middle,40
tree,VIRAT_S_040005_08_001225_001276,1642,436,87,66,teal,middle,40
tree,VIRAT_S_040005_08_001225_001276,232,427,192,33,silver,middle,40
tree,VIRAT_S_040005_08_001225_001276,1754,364,118,152,gray,middle,40
tree,VIRAT_S_040005_08_001225_001276,1878,298,42,44,gray,far,40
tree,VIRAT_S_040005_08_001225_001276,0,261,80,129,gray,far,40
tree,VIRAT_S_040005_08_001225_001276,1095,184,38,65,gray,far,40
tree,VIRAT_S_040005_08_001225_001276,1752,138,142,132,teal,far,40
tree,VIRAT_S_040005_08_001225_001276,58,85,1033,395,gray,far,40
tree,VIRAT_S_040005_08_001225_001276,1137,57,575,467,teal,far,40
car,VIRAT_S_040005_08_001225_001276,36,531,141,590,gray,middle,40
car,VIRAT_S_040005_08_001225_001276,0,475,45,518,gray,middle,40
car,VIRAT_S_040005_08_001225_001276,0,553,60,605,gray,middle,40
car,VIRAT_S_040005_08_001225_001276,0,602,57,651,gray,middle,40
tree,VIRAT_S_050000_10_001462_001491,1776,880,144,90,teal,near,3
tree,VIRAT_S_050000_10_001462_001491,1534,720,78,80,gray,near,3
tree,VIRAT_S_050000_10_001462_001491,1572,656,36,57,black,middle,3
tree,VIRAT_S_050000_10_001462_001491,1424,640,117,124,gray,middle,3
tree,VIRAT_S_050000_10_001462_001491,1072,240,56,48,black,far,3
tree,VIRAT_S_050000_10_001462_001491,788,70,56,32,gray,far,3
tree,VIRAT_S_050000_10_001462_001491,1134,0,786,837,teal,far,3
tree,VIRAT_S_050000_10_001462_001491,896,0,246,245,black,far,3
tree,VIRAT_S_050000_10_001462_001491,0,0,692,1080,teal,far,3
car,VIRAT_S_050000_10_001462_001491,1059,459,1179,551,gray,middle,3
car,VIRAT_S_050000_10_001462_001491,918,285,1026,362,silver,far,3
car,VIRAT_S_050000_10_001462_001491,741,47,861,145,brown,far,3
truck,VIRAT_S_050000_10_001462_001491,447,108,621,315,gray,far,3
car,VIRAT_S_050000_10_001462_001491,1107,534,1233,612,gray,middle,3
car,VIRAT_S_050000_10_001462_001491,978,349,1128,474,black,far,3
bus,VIRAT_S_050000_10_001462_001491,1236,664,1407,815,silver,middle,3
person,VIRAT_S_050000_10_001462_001491,1854,1034,1893,1078,gray,near,3
car,VIRAT_S_050000_10_001462_001491,1194,627,1317,720,gray,middle,3
stop sign,VIRAT_S_050000_10_001462_001491,1377,624,1446,676,silver,middle,3
truck,VIRAT_S_050000_10_001462_001491,978,349,1128,474,black,far,3
car,VIRAT_S_050000_10_001462_001491,684,0,804,64,black,far,3
person,VIRAT_S_050000_10_001462_001491,1503,730,1539,815,gray,near,3
car,VIRAT_S_050000_10_001462_001491,870,204,990,297,gray,far,3
truck,VIRAT_S_050000_10_001462_001491,516,804,627,909,black,near,3
bicycle,VIRAT_S_050000_10_001462_001491,1302,796,1407,845,brown,near,3
person,VIRAT_S_050000_10_001462_001491,1635,1054,1701,1078,gray,near,3
car,VIRAT_S_050000_10_001462_001491,519,806,627,909,black,near,3
person,VIRAT_S_050000_10_001462_001491,1401,756,1434,810,gray,near,3
car,VIRAT_S_050000_10_001462_001491,522,0,597,10,gray,far,3
person,VIRAT_S_050000_10_001462_001491,456,447,498,506,silver,middle,3
tree,VIRAT_S_050000_10_001462_001491,646,1044,120,36,silver,near,13
tree,VIRAT_S_050000_10_001462_001491,620,996,120,71,gray,near,13
tree,VIRAT_S_050000_10_001462_001491,1772,872,148,104,teal,near,13
tree,VIRAT_S_050000_10_001462_001491,1424,634,188,160,gray,middle,13
tree,VIRAT_S_050000_10_001462_001491,1071,232,59,54,black,far,13
tree,VIRAT_S_050000_10_001462_001491,788,74,56,30,olive,far,13
tree,VIRAT_S_050000_10_001462_001491,1138,0,782,844,teal,far,13
tree,VIRAT_S_050000_10_001462_001491,896,0,246,244,black,far,13
tree,VIRAT_S_050000_10_001462_001491,0,0,692,1080,teal,far,13
car,VIRAT_S_050000_10_001462_001491,1059,459,1179,553,gray,middle,13
car,VIRAT_S_050000_10_001462_001491,1107,752,1257,872,purple,near,13
car,VIRAT_S_050000_10_001462_001491,918,285,1029,366,silver,far,13
car,VIRAT_S_050000_10_001462_001491,741,47,861,145,brown,far,13
truck,VIRAT_S_050000_10_001462_001491,762,604,1017,739,gray,middle,13
truck,VIRAT_S_050000_10_001462_001491,450,113,621,317,gray,far,13
car,VIRAT_S_050000_10_001462_001491,1107,536,1230,610,gray,middle,13
person,VIRAT_S_050000_10_001462_001491,1659,911,1695,1012,gray,near,13
truck,VIRAT_S_050000_10_001462_001491,636,462,825,609,gray,middle,13
car,VIRAT_S_050000_10_001462_001491,612,988,762,1078,gray,near,13
car,VIRAT_S_050000_10_001462_001491,1194,627,1317,718,gray,middle,13
car,VIRAT_S_050000_10_001462_001491,876,209,990,298,gray,far,13
bus,VIRAT_S_050000_10_001462_001491,1236,666,1410,816,silver,middle,13
person,VIRAT_S_050000_10_001462_001491,1857,1037,1896,1078,gray,near,13
car,VIRAT_S_050000_10_001462_001491,978,351,1128,475,black,far,13
car,VIRAT_S_050000_10_001462_001491,681,0,804,65,black,far,13
traffic light,VIRAT_S_050000_10_001462_001491,1038,607,1101,637,gray,middle,13
bicycle,VIRAT_S_050000_10_001462_001491,1302,794,1407,847,brown,near,13
truck,VIRAT_S_050000_10_001462_001491,681,0,804,65,black,far,13
person,VIRAT_S_050000_10_001462_001491,1587,926,1620,1022,silver,near,13
motorcycle,VIRAT_S_050000_10_001462_001491,1302,794,1407,847,brown,near,13
motorcycle,VIRAT_S_050000_10_001462_001491,840,173,903,227,gray,far,13
person,VIRAT_S_050000_10_001462_001491,1638,1056,1701,1078,gray,near,13
traffic light,VIRAT_S_050000_10_001462_001491,1101,324,1119,347,gray,far,13
stop sign,VIRAT_S_050000_10_001462_001491,1377,624,1446,678,silver,middle,13
tree,VIRAT_S_050000_10_001462_001491,1772,880,148,95,teal,near,23
tree,VIRAT_S_050000_10_001462_001491,1512,725,101,68,gray,near,23
tree,VIRAT_S_050000_10_001462_001491,1568,639,51,76,black,middle,23
tree,VIRAT_S_050000_10_001462_001491,1422,636,119,144,gray,middle,23
tree,VIRAT_S_050000_10_001462_001491,788,74,56,30,olive,far,23
tree,VIRAT_S_050000_10_001462_001491,1126,0,794,845,teal,far,23
tree,VIRAT_S_050000_10_001462_001491,896,0,246,285,black,far,23
tree,VIRAT_S_050000_10_001462_001491,0,0,692,1080,teal,far,23
car,VIRAT_S_050000_10_001462_001491,1059,459,1179,553,gray,middle,23
car,VIRAT_S_050000_10_001462_001491,654,128,756,217,gray,far,23
car,VIRAT_S_050000_10_001462_001491,918,285,1029,364,silver,far,23
truck,VIRAT_S_050000_10_001462_001491,633,459,819,605,gray,middle,23
truck,VIRAT_S_050000_10_001462_001491,447,113,621,317,gray,far,23
car,VIRAT_S_050000_10_001462_001491,741,48,861,145,brown,far,23
car,VIRAT_S_050000_10_001462_001491,1194,627,1317,717,gray,middle,23
car,VIRAT_S_050000_10_001462_001491,1107,534,1233,612,gray,middle,23
bus,VIRAT_S_050000_10_001462_001491,1236,666,1410,815,silver,middle,23
truck,VIRAT_S_050000_10_001462_001491,510,764,702,982,gray,near,23
truck,VIRAT_S_050000_10_001462_001491,978,351,1128,475,black,far,23
car,VIRAT_S_050000_10_001462_001491,873,209,990,298,gray,far,23
truck,VIRAT_S_050000_10_001462_001491,753,600,1008,830,gray,middle,23
bus,VIRAT_S_050000_10_001462_001491,753,600,1008,830,gray,middle,23
truck,VIRAT_S_050000_10_001462_001491,681,0,804,65,black,far,23
person,VIRAT_S_050000_10_001462_001491,1845,1039,1881,1078,gray,near,23
car,VIRAT_S_050000_10_001462_001491,207,102,285,207,gray,far,23
person,VIRAT_S_050000_10_001462_001491,1638,1056,1701,1078,gray,near,23
car,VIRAT_S_050000_10_001462_001491,978,351,1128,475,black,far,23
stop sign,VIRAT_S_050000_10_001462_001491,1377,624,1446,678,silver,middle,23
bicycle,VIRAT_S_050000_10_001462_001491,1302,796,1407,845,teal,near,23
person,VIRAT_S_050000_10_001462_001491,1845,1041,1896,1078,gray,near,23
motorcycle,VIRAT_S_050000_10_001462_001491,1299,798,1407,847,teal,near,23
tree,VIRAT_S_040000_05_000668_000703,0,726,124,46,gray,near,11
tree,VIRAT_S_040000_05_000668_000703,1848,680,72,400,gray,middle,11
tree,VIRAT_S_040000_05_000668_000703,1850,620,31,36,gray,middle,11
tree,VIRAT_S_040000_05_000668_000703,1723,601,107,45,gray,middle,11
tree,VIRAT_S_040000_05_000668_000703,32,583,1820,497,gray,middle,11
tree,VIRAT_S_040000_05_000668_000703,375,582,86,50,gray,middle,11
tree,VIRAT_S_040000_05_000668_000703,1284,548,420,74,gray,middle,11
tree,VIRAT_S_040000_05_000668_000703,988,534,298,90,gray,middle,11
tree,VIRAT_S_040000_05_000668_000703,561,528,57,32,teal,middle,11
tree,VIRAT_S_040000_05_000668_000703,622,522,34,47,gray,middle,11
tree,VIRAT_S_040000_05_000668_000703,506,519,51,41,teal,middle,11
tree,VIRAT_S_040000_05_000668_000703,672,491,54,67,gray,middle,11
tree,VIRAT_S_040000_05_000668_000703,727,490,57,20,teal,middle,11
tree,VIRAT_S_040000_05_000668_000703,232,472,89,26,gray,middle,11
tree,VIRAT_S_040000_05_000668_000703,1644,461,33,25,teal,middle,11
tree,VIRAT_S_040000_05_000668_000703,274,454,206,58,gray,middle,11
tree,VIRAT_S_040000_05_000668_000703,419,452,131,34,gray,middle,11
tree,VIRAT_S_040000_05_000668_000703,168,440,103,24,gray,middle,11
tree,VIRAT_S_040000_05_000668_000703,272,432,147,33,gray,middle,11
tree,VIRAT_S_040000_05_000668_000703,1748,362,119,158,gray,middle,11
tree,VIRAT_S_040000_05_000668_000703,1872,304,42,42,gray,far,11
tree,VIRAT_S_040000_05_000668_000703,0,265,78,125,gray,far,11
tree,VIRAT_S_040000_05_000668_000703,1090,189,40,64,teal,far,11
tree,VIRAT_S_040000_05_000668_000703,1784,167,102,109,gray,far,11
tree,VIRAT_S_040000_05_000668_000703,1840,152,40,48,gray,far,11
tree,VIRAT_S_040000_05_000668_000703,1133,122,101,85,black,far,11
tree,VIRAT_S_040000_05_000668_000703,64,92,1024,390,teal,far,11
tree,VIRAT_S_040000_05_000668_000703,1133,85,575,443,teal,far,11
car,VIRAT_S_040000_05_000668_000703,0,855,147,963,gray,near,11
car,VIRAT_S_040000_05_000668_000703,0,477,39,521,gray,middle,11
car,VIRAT_S_040000_05_000668_000703,0,565,186,641,gray,middle,11
car,VIRAT_S_040000_05_000668_000703,0,551,57,600,gray,middle,11
car,VIRAT_S_040000_05_000668_000703,36,529,135,573,gray,middle,11
car,VIRAT_S_040000_05_000668_000703,93,445,183,491,gray,middle,11
stop sign,VIRAT_S_040000_05_000668_000703,1053,452,1077,475,gray,middle,11
tree,VIRAT_S_010206_04_000720_000767,1036,453,43,66,black,middle,19
tree,VIRAT_S_010206_04_000720_000767,1130,447,150,105,black,middle,19
tree,VIRAT_S_010206_04_000720_000767,401,446,23,274,black,middle,19
tree,VIRAT_S_010206_04_000720_000767,1040,423,40,29,black,middle,19
tree,VIRAT_S_010206_04_000720_000767,0,411,75,309,black,middle,19
tree,VIRAT_S_010206_04_000720_000767,640,284,29,35,black,middle,19
tree,VIRAT_S_010206_04_000720_000767,545,262,47,99,black,middle,19
tree,VIRAT_S_010206_04_000720_000767,408,252,119,84,black,middle,19
tree,VIRAT_S_010206_04_000720_000767,170,239,70,15,black,far,19
tree,VIRAT_S_010206_04_000720_000767,580,222,173,56,gray,far,19
tree,VIRAT_S_010206_04_000720_000767,268,196,29,29,black,far,19
tree,VIRAT_S_010206_04_000720_000767,780,120,36,38,teal,far,19
tree,VIRAT_S_010206_04_000720_000767,0,20,301,394,black,far,19
tree,VIRAT_S_010206_04_000720_000767,824,0,145,32,teal,far,19
tree,VIRAT_S_010206_04_000720_000767,0,0,49,64,black,far,19
person,VIRAT_S_010206_04_000720_000767,290,277,314,333,gray,middle,19
potted plant,VIRAT_S_010206_04_000720_000767,544,258,604,372,black,middle,19
potted plant,VIRAT_S_010206_04_000720_000767,476,253,526,353,black,middle,19
person,VIRAT_S_010206_04_000720_000767,312,255,336,311,teal,middle,19
car,VIRAT_S_010206_04_000720_000767,224,235,290,262,teal,far,19
tree,VIRAT_S_010205_06_000830_000904,1062,492,42,37,black,near,72
tree,VIRAT_S_010205_06_000830_000904,1157,460,123,80,black,middle,72
tree,VIRAT_S_010205_06_000830_000904,428,445,24,275,black,middle,72
tree,VIRAT_S_010205_06_000830_000904,1112,431,45,18,black,middle,72
tree,VIRAT_S_010205_06_000830_000904,1064,426,43,66,black,middle,72
tree,VIRAT_S_010205_06_000830_000904,0,408,104,312,black,middle,72
tree,VIRAT_S_010205_06_000830_000904,416,365,119,45,gray,middle,72
tree,VIRAT_S_010205_06_000830_000904,0,351,12,108,black,middle,72
tree,VIRAT_S_010205_06_000830_000904,658,282,67,57,black,middle,72
tree,VIRAT_S_010205_06_000830_000904,440,251,112,81,black,middle,72
tree,VIRAT_S_010205_06_000830_000904,198,236,68,19,black,far,72
tree,VIRAT_S_010205_06_000830_000904,570,223,204,129,gray,far,72
tree,VIRAT_S_010205_06_000830_000904,295,195,36,29,black,far,72
tree,VIRAT_S_010205_06_000830_000904,792,128,76,56,gray,far,72
tree,VIRAT_S_010205_06_000830_000904,0,115,71,95,black,far,72
tree,VIRAT_S_010205_06_000830_000904,852,0,152,31,teal,far,72
tree,VIRAT_S_010205_06_000830_000904,257,0,72,32,gray,far,72
tree,VIRAT_S_010205_06_000830_000904,8,0,328,417,black,far,72
tree,VIRAT_S_010205_06_000830_000904,24,0,49,56,black,far,72
person,VIRAT_S_010205_06_000830_000904,952,556,1028,718,gray,near,72
person,VIRAT_S_010205_06_000830_000904,1070,576,1142,718,black,near,72
car,VIRAT_S_010205_06_000830_000904,364,342,558,509,gray,middle,72
person,VIRAT_S_010205_06_000830_000904,512,325,542,391,gray,middle,72
potted plant,VIRAT_S_010205_06_000830_000904,570,259,630,372,black,middle,72
person,VIRAT_S_010205_06_000830_000904,108,257,128,295,black,middle,72
person,VIRAT_S_010205_06_000830_000904,290,244,306,285,olive,middle,72
person,VIRAT_S_010205_06_000830_000904,278,245,292,284,gray,middle,72
handbag,VIRAT_S_010205_06_000830_000904,1058,662,1098,718,black,near,72
handbag,VIRAT_S_010205_06_000830_000904,1058,615,1102,718,black,near,72
tree,VIRAT_S_010205_06_000830_000904,1062,488,42,35,black,near,8
tree,VIRAT_S_010205_06_000830_000904,1157,463,123,83,black,middle,8
tree,VIRAT_S_010205_06_000830_000904,432,456,18,200,black,middle,8
tree,VIRAT_S_010205_06_000830_000904,1112,431,45,18,black,middle,8
tree,VIRAT_S_010205_06_000830_000904,1064,423,43,68,black,middle,8
tree,VIRAT_S_010205_06_000830_000904,465,366,70,44,gray,middle,8
tree,VIRAT_S_010205_06_000830_000904,0,342,104,378,black,middle,8
tree,VIRAT_S_010205_06_000830_000904,662,284,68,42,black,middle,8
tree,VIRAT_S_010205_06_000830_000904,570,262,44,100,black,middle,8
tree,VIRAT_S_010205_06_000830_000904,446,252,106,82,black,middle,8
tree,VIRAT_S_010205_06_000830_000904,596,222,178,58,gray,far,8
tree,VIRAT_S_010205_06_000830_000904,294,195,35,30,black,far,8
tree,VIRAT_S_010205_06_000830_000904,792,128,76,57,gray,far,8
tree,VIRAT_S_010205_06_000830_000904,0,115,39,70,black,far,8
tree,VIRAT_S_010205_06_000830_000904,0,18,328,397,black,far,8
tree,VIRAT_S_010205_06_000830_000904,852,0,147,33,teal,far,8
tree,VIRAT_S_010205_06_000830_000904,252,0,76,32,gray,far,8
tree,VIRAT_S_010205_06_000830_000904,5,0,83,56,black,far,8
person,VIRAT_S_010205_06_000830_000904,646,361,688,472,gray,middle,8
person,VIRAT_S_010205_06_000830_000904,686,356,734,471,gray,middle,8
person,VIRAT_S_010205_06_000830_000904,992,558,1108,713,gray,near,8
backpack,VIRAT_S_010205_06_000830_000904,1042,596,1110,687,black,near,8
bicycle,VIRAT_S_010205_06_000830_000904,962,645,1094,718,gray,near,8
car,VIRAT_S_010205_06_000830_000904,364,340,560,508,gray,middle,8
potted plant,VIRAT_S_010205_06_000830_000904,570,258,630,372,black,middle,8
potted plant,VIRAT_S_010205_06_000830_000904,500,253,552,352,black,middle,8
person,VIRAT_S_010205_06_000830_000904,200,234,214,255,gray,far,8
tree,VIRAT_S_010005_01_000085_000164,0,352,86,54,teal,middle,9
tree,VIRAT_S_010005_01_000085_000164,343,276,937,187,teal,middle,9
tree,VIRAT_S_010005_01_000085_000164,288,240,96,36,teal,middle,9
tree,VIRAT_S_010005_01_000085_000164,410,114,168,86,teal,far,9
tree,VIRAT_S_010005_01_000085_000164,590,112,111,90,black,far,9
tree,VIRAT_S_010005_01_000085_000164,789,76,169,124,teal,far,9
tree,VIRAT_S_010005_01_000085_000164,1020,44,196,164,black,far,9
tree,VIRAT_S_010005_01_000085_000164,1176,0,51,36,black,far,9
tree,VIRAT_S_010005_01_000085_000164,1140,0,37,34,black,far,9
umbrella,VIRAT_S_010005_01_000085_000164,844,565,1156,718,gray,near,9
umbrella,VIRAT_S_010005_01_000085_000164,508,505,744,668,gray,near,9
umbrella,VIRAT_S_010005_01_000085_000164,302,407,456,451,gray,middle,9
umbrella,VIRAT_S_010005_01_000085_000164,0,660,238,718,gray,near,9
umbrella,VIRAT_S_010005_01_000085_000164,270,461,478,532,gray,middle,9
umbrella,VIRAT_S_010005_01_000085_000164,102,432,278,549,gray,middle,9
umbrella,VIRAT_S_010005_01_000085_000164,746,456,940,600,gray,middle,9
umbrella,VIRAT_S_010005_01_000085_000164,100,433,278,491,gray,middle,9
person,VIRAT_S_010005_01_000085_000164,378,680,420,718,navy,near,9
umbrella,VIRAT_S_010005_01_000085_000164,1038,495,1278,660,gray,near,9
umbrella,VIRAT_S_010005_01_000085_000164,1038,495,1278,588,gray,near,9
umbrella,VIRAT_S_010005_01_000085_000164,482,425,658,534,gray,middle,9
umbrella,VIRAT_S_010005_01_000085_000164,482,425,658,487,gray,middle,9
chair,VIRAT_S_010005_01_000085_000164,306,618,352,685,black,near,9
potted plant,VIRAT_S_010005_01_000085_000164,712,229,736,259,gray,far,9
umbrella,VIRAT_S_010005_01_000085_000164,512,374,644,433,gray,middle,9
umbrella,VIRAT_S_010005_01_000085_000164,944,191,1022,211,gray,far,9
umbrella,VIRAT_S_010005_01_000085_000164,794,194,860,235,gray,far,9
umbrella,VIRAT_S_010005_01_000085_000164,742,195,754,236,gray,far,9
chair,VIRAT_S_010005_01_000085_000164,568,661,706,718,black,near,9
umbrella,VIRAT_S_010005_01_000085_000164,794,195,860,213,teal,far,9
umbrella,VIRAT_S_010005_01_000085_000164,746,457,940,526,gray,middle,9
chair,VIRAT_S_010005_01_000085_000164,422,587,452,648,gray,near,9
person,VIRAT_S_010005_01_000085_000164,900,691,938,718,black,near,9
umbrella,VIRAT_S_010005_01_000085_000164,510,505,740,592,gray,near,9
umbrella,VIRAT_S_010005_01_000085_000164,944,191,1022,247,gray,far,9
umbrella,VIRAT_S_010005_01_000085_000164,864,192,936,234,gray,far,9
chair,VIRAT_S_010005_01_000085_000164,380,613,430,676,navy,near,9
potted plant,VIRAT_S_010005_01_000085_000164,588,83,722,283,teal,far,9
dining table,VIRAT_S_010005_01_000085_000164,324,592,428,625,black,near,9
tree,VIRAT_S_010106_01_000493_000526,103,650,109,62,black,near,13
tree,VIRAT_S_010106_01_000493_000526,1098,336,182,272,gray,middle,13
tree,VIRAT_S_010106_01_000493_000526,734,160,116,26,gray,far,13
tree,VIRAT_S_010106_01_000493_000526,0,144,38,50,gray,far,13
tree,VIRAT_S_010106_01_000493_000526,44,141,115,54,gray,far,13
tree,VIRAT_S_010106_01_000493_000526,957,122,41,70,gray,far,13
tree,VIRAT_S_010106_01_000493_000526,1265,120,15,96,gray,far,13
tree,VIRAT_S_010106_01_000493_000526,1070,114,199,99,gray,far,13
tree,VIRAT_S_010106_01_000493_000526,998,113,50,73,gray,far,13
tree,VIRAT_S_010106_01_000493_000526,856,84,100,106,gray,far,13
tree,VIRAT_S_010106_01_000493_000526,814,6,74,86,gray,far,13
tree,VIRAT_S_010106_01_000493_000526,954,4,58,51,gray,far,13
tree,VIRAT_S_010106_01_000493_000526,1056,0,71,94,gray,far,13
tree,VIRAT_S_010106_01_000493_000526,727,0,89,104,gray,far,13
tree,VIRAT_S_010106_01_000493_000526,147,0,220,172,teal,far,13
tree,VIRAT_S_010106_01_000493_000526,74,0,57,37,gray,far,13
tree,VIRAT_S_010106_01_000493_000526,34,0,38,78,gray,far,13
car,VIRAT_S_010106_01_000493_000526,510,443,680,505,black,middle,13
car,VIRAT_S_010106_01_000493_000526,0,357,36,414,gray,middle,13
car,VIRAT_S_010106_01_000493_000526,1014,451,1202,568,black,middle,13
car,VIRAT_S_010106_01_000493_000526,0,279,62,316,silver,middle,13
car,VIRAT_S_010106_01_000493_000526,758,295,864,334,gray,middle,13
car,VIRAT_S_010106_01_000493_000526,574,234,634,264,gray,far,13
car,VIRAT_S_010106_01_000493_000526,406,300,476,337,gray,middle,13
truck,VIRAT_S_010106_01_000493_000526,268,452,512,588,gray,middle,13
person,VIRAT_S_010106_01_000493_000526,128,375,156,424,gray,middle,13
truck,VIRAT_S_010106_01_000493_000526,262,288,336,338,gray,middle,13
car,VIRAT_S_010106_01_000493_000526,168,246,260,276,gray,middle,13
car,VIRAT_S_010106_01_000493_000526,776,336,890,379,brown,middle,13
car,VIRAT_S_010106_01_000493_000526,62,243,156,273,gray,middle,13
person,VIRAT_S_010106_01_000493_000526,466,362,486,414,brown,middle,13
truck,VIRAT_S_010106_01_000493_000526,922,270,1038,318,silver,middle,13
car,VIRAT_S_010106_01_000493_000526,402,264,464,301,gray,middle,13
truck,VIRAT_S_010106_01_000493_000526,868,216,1096,279,white,far,13
car,VIRAT_S_010106_01_000493_000526,336,223,412,249,gray,far,13
car,VIRAT_S_010106_01_000493_000526,316,285,386,326,brown,middle,13
car,VIRAT_S_010106_01_000493_000526,492,200,560,223,gray,far,13
truck,VIRAT_S_010106_01_000493_000526,702,227,772,261,gray,far,13
truck,VIRAT_S_010106_01_000493_000526,978,255,1080,307,white,middle,13
car,VIRAT_S_010106_01_000493_000526,676,207,774,234,gray,far,13
car,VIRAT_S_010106_01_000493_000526,390,203,458,227,silver,far,13
tree,VIRAT_S_050301_00_000000_000036,0,470,47,31,black,middle,26
tree,VIRAT_S_050301_00_000000_000036,66,467,63,25,black,middle,26
tree,VIRAT_S_050301_00_000000_000036,623,427,108,32,black,middle,26
tree,VIRAT_S_050301_00_000000_000036,0,422,38,48,black,middle,26
tree,VIRAT_S_050301_00_000000_000036,1203,399,103,49,black,middle,26
tree,VIRAT_S_050301_00_000000_000036,1875,304,30,98,black,far,26
tree,VIRAT_S_050301_00_000000_000036,1641,277,47,38,black,far,26
tree,VIRAT_S_050301_00_000000_000036,884,198,326,269,black,far,26
tree,VIRAT_S_050301_00_000000_000036,1172,0,748,346,black,far,26
tree,VIRAT_S_050301_00_000000_000036,1136,0,80,16,black,far,26
tree,VIRAT_S_050301_00_000000_000036,0,0,1017,491,black,far,26
car,VIRAT_S_050301_00_000000_000036,1593,764,1824,857,gray,near,26
car,VIRAT_S_050301_00_000000_000036,666,744,882,831,gray,near,26
car,VIRAT_S_050301_00_000000_000036,936,649,1137,727,gray,middle,26
car,VIRAT_S_050301_00_000000_000036,690,448,846,502,gray,middle,26
car,VIRAT_S_050301_00_000000_000036,1788,588,1917,693,gray,middle,26
car,VIRAT_S_050301_00_000000_000036,879,565,1113,659,brown,middle,26
car,VIRAT_S_050301_00_000000_000036,1257,217,1296,239,gray,far,26
car,VIRAT_S_050301_00_000000_000036,96,582,306,691,gray,middle,26
car,VIRAT_S_050301_00_000000_000036,1218,236,1260,271,gray,far,26
car,VIRAT_S_050301_00_000000_000036,897,234,963,259,gray,far,26
car,VIRAT_S_050301_00_000000_000036,1329,273,1386,305,gray,far,26
car,VIRAT_S_050301_00_000000_000036,615,229,672,259,gray,far,26
car,VIRAT_S_050301_00_000000_000036,1284,253,1335,280,gray,far,26
car,VIRAT_S_050301_00_000000_000036,1125,141,1155,162,gray,far,26
car,VIRAT_S_050301_00_000000_000036,1500,231,1545,256,gray,far,26
tree,VIRAT_S_050301_00_000000_000036,656,424,65,32,black,middle,6
tree,VIRAT_S_050301_00_000000_000036,0,424,34,41,black,middle,6
tree,VIRAT_S_050301_00_000000_000036,1216,386,90,49,teal,middle,6
tree,VIRAT_S_050301_00_000000_000036,1865,297,39,61,black,far,6
tree,VIRAT_S_050301_00_000000_000036,1624,283,68,29,black,far,6
tree,VIRAT_S_050301_00_000000_000036,658,192,34,26,black,far,6
tree,VIRAT_S_050301_00_000000_000036,1297,136,39,28,black,far,6
tree,VIRAT_S_050301_00_000000_000036,1404,106,103,55,black,far,6
tree,VIRAT_S_050301_00_000000_000036,1181,0,739,344,black,far,6
tree,VIRAT_S_050301_00_000000_000036,0,0,1210,488,black,far,6
car,VIRAT_S_050301_00_000000_000036,1596,757,1824,852,gray,near,6
car,VIRAT_S_050301_00_000000_000036,666,739,879,826,gray,near,6
car,VIRAT_S_050301_00_000000_000036,936,646,1137,722,gray,middle,6
person,VIRAT_S_050301_00_000000_000036,24,897,69,995,gray,near,6
car,VIRAT_S_050301_00_000000_000036,690,445,837,497,gray,middle,6
car,VIRAT_S_050301_00_000000_000036,96,580,303,688,gray,middle,6
car,VIRAT_S_050301_00_000000_000036,1263,192,1314,216,gray,far,6
car,VIRAT_S_050301_00_000000_000036,1827,568,1917,644,gray,middle,6
car,VIRAT_S_050301_00_000000_000036,879,561,1113,656,brown,middle,6
car,VIRAT_S_050301_00_000000_000036,1236,241,1287,280,gray,far,6
car,VIRAT_S_050301_00_000000_000036,1584,352,1659,401,gray,far,6
car,VIRAT_S_050301_00_000000_000036,1410,334,1458,381,gray,far,6
car,VIRAT_S_050301_00_000000_000036,891,229,963,254,gray,far,6
car,VIRAT_S_050301_00_000000_000036,615,224,672,254,gray,far,6
truck,VIRAT_S_050301_00_000000_000036,1146,189,1188,222,gray,far,6
traffic light,VIRAT_S_050301_00_000000_000036,1383,248,1413,270,gray,far,6
tree,VIRAT_S_000207_04_000902_000934,1258,643,22,77,gray,near,15
tree,VIRAT_S_000207_04_000902_000934,1166,638,88,82,teal,near,15
tree,VIRAT_S_000207_04_000902_000934,0,610,54,110,teal,near,15
tree,VIRAT_S_000207_04_000902_000934,1252,589,28,44,teal,near,15
tree,VIRAT_S_000207_04_000902_000934,56,577,106,143,teal,near,15
tree,VIRAT_S_000207_04_000902_000934,368,538,384,150,teal,near,15
tree,VIRAT_S_000207_04_000902_000934,0,481,393,129,teal,near,15
tree,VIRAT_S_000207_04_000902_000934,24,289,54,37,teal,middle,15
tree,VIRAT_S_000207_04_000902_000934,366,266,106,41,black,middle,15
tree,VIRAT_S_000207_04_000902_000934,1092,242,188,218,teal,middle,15
tree,VIRAT_S_000207_04_000902_000934,940,228,43,47,teal,far,15
tree,VIRAT_S_000207_04_000902_000934,371,212,29,56,teal,far,15
tree,VIRAT_S_000207_04_000902_000934,563,146,78,40,gray,far,15
tree,VIRAT_S_000207_04_000902_000934,1196,142,68,20,gray,far,15
tree,VIRAT_S_000207_04_000902_000934,631,122,239,150,teal,far,15
tree,VIRAT_S_000207_04_000902_000934,51,100,615,228,teal,far,15
car,VIRAT_S_000207_04_000902_000934,640,496,780,551,gray,near,15
car,VIRAT_S_000207_04_000902_000934,86,375,204,415,gray,middle,15
car,VIRAT_S_000207_04_000902_000934,98,319,154,348,brown,middle,15
car,VIRAT_S_000207_04_000902_000934,818,445,938,490,gray,middle,15
car,VIRAT_S_000207_04_000902_000934,432,394,510,439,gray,middle,15
car,VIRAT_S_000207_04_000902_000934,536,374,610,419,gray,middle,15
car,VIRAT_S_000207_04_000902_000934,426,430,510,480,gray,middle,15
car,VIRAT_S_000207_04_000902_000934,944,330,1006,355,gray,middle,15
car,VIRAT_S_000207_04_000902_000934,1030,488,1110,552,gray,near,15
car,VIRAT_S_000207_04_000902_000934,858,290,916,309,gray,middle,15
car,VIRAT_S_000207_04_000902_000934,0,346,16,362,gray,middle,15
person,VIRAT_S_000207_04_000902_000934,808,579,834,618,gray,near,15
